Class,Question
1001,อาหารที่มี
1001,อาหารที่มี สูง
1001,ของกินที่มี
1001,อาหารที่มีปริมาณ
1001,อาหารที่ประกอบด้วย
1001,ในอาหาร
1001,อาหารที่อุดมไปด้วย
1001,ที่เป็นส่วนประกอบในอาหาร
1001,ของกินที่มีส่วนผสมของ
1001,อาหารที่ สูง
1001,ปริมาณ สูงในอาหาร
1001,พบมากในอาหาร
1001,อาหารที่พบมาก
1101,อาหารที่ควรรับประทานเมื่อต้องการเพิ่มสมรรถภาพการออกกำลังกาย
1101,อาหารที่ควรเลือกในการเพิ่มสมรรถภาพการออกกำลังกาย
1101,วิธีการเลือกอาหารเพื่อเพิ่มสมรรถภาพการออกกำลังกาย
1101,อาหารที่เหมาะสมสำหรับการเพิ่มสมรรถภาพร่างกาย
1101,วิธีการเลือกเมนูอาหารเพื่อเพิ่มสมรรถภาพร่างกาย
1101,สิ่งที่ควรบริโภคเมื่อต้องการเสริมสมรรถภาพ
1101,รายการอาหารที่เหมาะสมสำหรับการออกกำลังกาย
1101,สิ่งที่ควรบริโภคเพื่อเพิ่มสมรรถภาพร่างกาย
1101,แหล่งโภชนาการสำหรับการเพิ่มสมรรถภาพทางกาย
1101,รายการอาหารที่เหมาะสมสำหรับการออกกำลังกาย
1101,อาหารที่เหมาะสมเพื่อเพิ่มประสิทธิภาพการออกกำลังกาย
1101,การเลือกเมนูอาหารเพื่อเพิ่มสมรรถภาพทางกาย
1101,สิ่งที่ควรบริโภคเพื่อเพิ่มสมรรถภาพร่างกาย
1101,วิธีการเลือกเมนูอาหารเพื่อเพิ่มสมรรถภาพการออกกำลังกาย
1101,การเลือกแหล่งโภชนาการสำหรับเสริมสมรรถภาพทางกาย
1101,ของกินที่เหมาะสมสำหรับการออกกำลังกาย
1102,อาหารที่เหมาะสมสำหรับการฟื้นฟูหลังการออกกำลังกาย
1102,อาหารที่เหมาะสมในการฟื้นฟูหลังการออกกำลังกาย
1102,ของกินที่เหมาะสมหลังจากการออกกำลังกาย
1102,การเลือกอาหารในการฟื้นฟูร่างกายหลังการออกกำลังกาย
1102,วิธีการเลือกเมนูอาหารหลังจากการออกกำลังกาย
1102,แหล่งโภชนาการที่เหมาะสมสำหรับการฟื้นฟูหลังการออกกำลังกาย
1102,อาหารที่ควรบริโภคในขณะที่กำลังฟื้นฟูหลังการออกกำลังกาย
1102,วิธีการเลือกเมนูอาหารเพื่อการฟื้นฟูหลังการออกกำลังกาย
1102,สิ่งที่ควรทานเมื่อต้องการฟื้นฟูหลังการออกกำลังกาย
1102,อาหารที่เหมาะสมสำหรับการเตรียมความพร้อมหลังการออกกำลังกาย
1102,การเลือกอาหารเพื่อการฟื้นฟูร่างกายหลังออกกำลังกาย
1102,สิ่งที่ควรบริโภคเพื่อการฟื้นฟูหลังการออกกำลังกาย
1102,แหล่งโภชนาการที่เหมาะสมหลังจากการออกกำลังกาย
1102,วิธีการเลือกเมนูอาหารในการฟื้นฟูหลังการออกกำลังกาย
1102,อาหารที่เหมาะสมสำหรับการฟื้นฟูร่างกายหลังการออกกำลังกาย
1102,การเลือกแหล่งโภชนาการเพื่อการฟื้นฟูหลังการออกกำลังกาย
1102,ของกินที่เหมาะสมสำหรับการฟื้นฟูหลังการออกกำลังกาย
1102,วิธีการเลือกเมนูอาหารหลังจากการออกกำลังกาย
1103,อาหารที่เหมาะสมสำหรับผู้ที่ออกกำลังกายมาก
1103,แหล่งโภชนาการที่เหมาะสมสำหรับคนที่มีการออกกำลังกายอย่างหนัก
1103,ของกินที่เหมาะสมสำหรับผู้ที่มีการออกกำลังกายบ่อย
1103,แหล่งโภชนาการที่เหมาะสมสำหรับผู้ที่ออกกำลังกายเป็นประจำ
1103,สิ่งที่ควรบริโภคเมื่อออกกำลังกายมาก
1103,การเลือกแหล่งโภชนาการเมื่อมีการออกกำลังกายอย่างหนัก
1103,อาหารที่เหมาะสมสำหรับผู้ที่มีการออกกำลังกายเป็นประจำ
1103,วิธีการเลือกเมนูอาหารเมื่อมีการออกกำลังกายบ่อย
1103,การเลือกอาหารเมื่อมีการออกกำลังกายสม่ำเสมอ
1103,วิธีการเลือกเมนูอาหารสำหรับผู้ที่มีการออกกำลังกายประจำ
1103,สิ่งที่ควรทานเมื่อคุณมีการออกกำลังกายเป็นประจำ
1103,อาหารที่ควรบริโภคเมื่อมีการออกกำลังกายตลอดเวลา
1103,การเลือกอาหารในระหว่างการออกกำลังกายเป็นประจำ
1103,สิ่งที่ควรทานเมื่อมีการออกกำลังกายตลอดเวลา
1103,การเลือกอาหารในระหว่างการออกกำลังกายอยู่ตลอดเวลา
1103,อาหารที่เหมาะสมสำหรับคนที่ออกกำลังกายอยู่ตลอดเวลา
1104,ควรรับประทานอาหารแบบไหนก่อนการออกกำลังกาย
1104,อาหารที่ควรบริโภคก่อนการออกกำลังกาย
1104,แหล่งโภชนาการที่เหมาะสมก่อนการออกกำลังกาย
1104,สิ่งที่ควรทานก่อนออกกำลังกาย
1104,ของกินที่เหมาะสมก่อนการออกกำลังกาย
1104,วิธีการเลือกอาหารเพื่อเตรียมตัวก่อนการออกกำลังกาย
1104,แนวทางการบริโภคอาหารก่อนการออกกำลังกาย
1104,อาหารที่เหมาะสมสำหรับเตรียมตัวก่อนการออกกำลังกาย
1104,การเลือกเมนูอาหารเพื่อเตรียมตัวก่อนออกกำลังกาย
1104,แหล่งโภชนาการที่เหมาะสมก่อนการออกกำลังกาย
1104,อาหารที่เหมาะสมสำหรับการเตรียมตัวก่อนการออกกำลังกาย
1104,ของกินที่เหมาะสมก่อนการออกกำลังกาย
1104,แหล่งโภชนาการที่เหมาะสมสำหรับการเตรียมตัวก่อนการออกกำลังกาย
1104,วิธีการเลือกเมนูอาหารในการเตรียมตัวก่อนการออกกำลังกาย
1104,การเลือกแหล่งโภชนาการในการเตรียมตัวก่อนออกกำลังกาย
1105,อาหารที่ควรบริโภคหลังการออกกำลังกาย
1105,วิธีการเลือกเมนูอาหารหลังการออกกำลังกาย
1105,แหล่งโภชนาการที่เหมาะสมหลังการออกกำลังกาย
1105,สิ่งที่ควรทานหลังการออกกำลังกาย
1105,ของกินที่เหมาะสมหลังการออกกำลังกาย
1105,วิธีการเลือกเมนูอาหารหลังจากการออกกำลังกาย
1105,อาหารที่เหมาะสมสำหรับการสร้างความแข็งแรงหลังการออกกำลังกาย
1105,แหล่งโภชนาการที่เหมาะสมหลังการออกกำลังกาย
1105,อาหารที่เหมาะสมสำหรับความสมรรถภาพร่างกายหลังการออกกำลังกาย
1105,สิ่งที่ควรบริโภคหลังการออกกำลังกาย
1105,วิธีการเลือกเมนูอาหารเมื่อมีการออกกำลังกายบ่อย
1105,อาหารที่เหมาะสมหลังการออกกำลังกาย
1105,การเลือกแหล่งโภชนาการหลังการออกกำลังกาย
1105,สิ่งที่ควรทานหลังการออกกำลังกาย
1106,ควรรับประทานอาหารที่มีแคลอรี่อาหารมื้อเย็นในปริมาณเท่าใด
1106,วิธีการกำหนดปริมาณแคลอรี่ในมื้อเย็น
1106,ปริมาณพลังงานที่เหมาะสมในอาหารเย็น
1106,การเลือกเมนูอาหารในมื้ออาหารเย็น
1106,อาหารที่ควรบริโภคในตอนเย็น
1106,การควบคุมปริมาณแคลอรี่ในอาหารมื้อเย็น
1106,ปริมาณพลังงานที่เหมาะสมในอาหารสำหรับช่วงเย็น
1106,การคำนวณแคลอรี่ในเมนูอาหารสำหรับอาหารเย็น
1106,สิ่งที่ควรพิจารณาในการรับประทานอาหารในมื้อเย็น
1106,การเลือกเมนูที่ตรงกับแคลอรี่ในอาหารเย็น
1106,ปริมาณแคลอรี่ที่ควรบริโภคในตอนเย็น
1106,สิ่งที่ควรพิจารณาในการรับประทานอาหารในมื้อเย็น
1106,อาหารที่เหมาะสมในมื้อเย็น
1106,การปรับปริมาณแคลอรี่ในช่วงเย็น
1106,การเลือกเมนูอาหารที่ตรงกับแคลอรี่ในตอนมื้ออาหารเย็น
1107,อาหารในเวลามื้อเที่ยงเพื่อความอิ่ม
1107,ควรรับประทานอาหารที่มีแคลอรี่ในอาหารเที่ยงในปริมาณเท่าใด
1107,วิธีการกำหนดปริมาณแคลอรี่ในอาหารมื้อเที่ยง
1107,ปริมาณพลังงานที่เหมาะสมในมื้ออาหารเที่ยง
1107,การเลือกเมนูอาหารในตอนเที่ยง
1107,อาหารที่ควรบริโภคในช่วงเที่ยง
1107,การควบคุมปริมาณแคลอรี่ในอาหารเที่ยง
1107,ปริมาณพลังงานที่เหมาะสมในอาหารสำหรับมื้อเที่ยง
1107,การคำนวณแคลอรี่ในเมนูอาหารสำหรับมื้อเที่ยง
1107,สิ่งที่ควรพิจารณาในการรับประทานอาหารในตอนเที่ยง
1107,การเลือกเมนูที่ตรงกับแคลอรี่ในมื้อเที่ยง
1107,ปริมาณแคลอรี่ที่ควรบริโภคในช่วงเที่ยง
1107,สิ่งที่ควรพิจารณาในการรับประทานอาหารในมื้อเที่ยง
1107,อาหารที่เหมาะสมในมื้อเที่ยง
1107,การปรับปริมาณแคลอรี่ในอาหารเที่ยง
1107,การเลือกเมนูอาหารที่ตรงกับแคลอรี่ในมื้อเที่ยง
1108,อาหารในเวลามื้อเช้าเพื่อความอิ่ม
1108,ควรรับประทานอาหารที่มีแคลอรี่อาหารมื้อเช้าในปริมาณเท่าใด
1108,วิธีการกำหนดปริมาณแคลอรี่ในมื้ออาหารเช้า
1108,ปริมาณพลังงานที่เหมาะสมในช่วงเช้า
1108,การเลือกเมนูอาหารในอาหารมื้อเช้า
1108,อาหารที่ควรบริโภคในตอนเช้า
1108,การควบคุมปริมาณแคลอรี่ในช่วงเช้า
1108,ปริมาณพลังงานที่เหมาะสมในอาหารสำหรับมื้ออาหารเช้า
1108,การคำนวณแคลอรี่ในเมนูอาหารสำหรับอาหารในตอนเช้า
1108,สิ่งที่ควรพิจารณาในการรับประทานอาหารในมื้อเช้า
1108,การเลือกเมนูที่ตรงกับแคลอรี่ในมื้ออาหารเช้า
1108,ปริมาณแคลอรี่ที่ควรบริโภคในมื้อเช้า
1108,สิ่งที่ควรพิจารณาในการรับประทานอาหารในอาหารเช้า
1108,อาหารที่เหมาะสมในอาหารมื้อเช้า
1108,การปรับปริมาณแคลอรี่ในอาหารเช้า
1108,การเลือกเมนูอาหารที่ตรงกับแคลอรี่ในช่วงเช้า
1109,อาหารที่สามารถควบคุมระดับน้ำตาลในเลือดได้
1109,การเลือกอาหารเพื่อรักษาระดับน้ำตาลในเลือด
1109,อาหารที่มีส่วนช่วยลดระดับน้ำตาลในเลือด
1109,การบริโภคอาหารเพื่อควบคุมน้ำตาลในเลือด
1109,สิ่งที่ควรรับประทานเพื่อควบคุมระดับน้ำตาลในเลือด
1109,อาหารที่ช่วยลดระดับน้ำตาลในเลือด
1109,วิธีการควบคุมน้ำตาลในเลือดด้วยอาหาร
1109,แหล่งโภชนาการที่เหมาะสมสำหรับการควบคุมระดับน้ำตาลในเลือด
1109,การเลือกเมนูอาหารเพื่อควบคุมน้ำตาลในเลือด
1109,อาหารที่ช่วยลดความเสี่ยงต่อระดับน้ำตาลในเลือด
1109,วิธีการรักษาระดับน้ำตาลในเลือดด้วยการบริโภคอาหาร
1109,สิ่งที่ควรบริโภคเพื่อควบคุมระดับน้ำตาลในเลือด
1109,แหล่งโภชนาการที่ช่วยลดระดับน้ำตาลในเลือด
1109,การเลือกอาหารในการควบคุมน้ำตาลในเลือด
1109,อาหารที่มีประโยชน์ในการควบคุมระดับน้ำตาลในเลือด
1109,วิธีการบริโภคอาหารเพื่อควบคุมน้ำตาลในเลือด
1109,สิ่งที่ควรรับประทานเพื่อควบคุมระดับน้ำตาลในเลือด
1109,แหล่งโภชนาการที่ช่วยควบคุมระดับน้ำตาลในเลือด
1110,อาหารที่เน้นในการเสริมสร้างระบบภูมิคุ้มกัน
1110,อาหารที่เน้นเสริมสร้างระบบภูมิคุ้มกัน
1110,อาหารที่ช่วยเสริมสร้างระบบภูมิคุ้มกัน
1110,อาหารที่สามารถเสริมสร้างระบบภูมิคุ้มกันได้
1110,อาหารที่เสริมระบบภูมิคุ้มกัน
1110,อาหารที่ส่งเสริมระบบภูมิคุ้มกัน
1110,แหล่งโภชนาการที่เน้นการเสริมสร้างระบบภูมิคุ้มกัน
1110,อาหารที่มีประโยชน์ในการเสริมสร้างระบบภูมิคุ้มกัน
1110,สิ่งที่ควรรับประทานเพื่อเสริมสร้างระบบภูมิคุ้มกัน
1110,การบริโภคอาหารเพื่อเสริมสร้างระบบภูมิคุ้มกัน
1110,แนวทางการรับประทานอาหารเพื่อเสริมสร้างระบบภูมิคุ้มกัน
1110,อาหารที่มีส่วนช่วยในการเสริมสร้างระบบภูมิคุ้มกัน
1110,การเลือกเมนูอาหารเพื่อเสริมสร้างระบบภูมิคุ้มกัน
1110,อาหารที่เน้นการเสริมสร้างระบบภูมิคุ้มกัน
1110,การเลือกเมนูที่เป็นประโยชน์ในการเสริมสร้างระบบภูมิคุ้มกัน
1110,อาหารที่มีส่วนช่วยในการบำรุงระบบภูมิคุ้มกัน
1110,แนวทางการรับประทานอาหารเพื่อบำรุงระบบภูมิคุ้มกัน
1111,อาหารที่เหมาะสมสำหรับการสร้างกล้ามเนื้อ
1111,อาหารที่เหมาะสมในการพัฒนากล้ามเนื้อ
1111,อาหารที่เสริมสร้างกล้ามเนื้อได้
1111,อาหารที่ช่วยในการสร้างกล้ามเนื้อ
1111,อาหารที่สามารถเพิ่มกล้ามเนื้อได้
1111,อาหารที่เสริมกล้ามเนื้อ
1111,อาหารที่เพิ่มปริมาณกล้ามเนื้อ
1111,อาหารที่เหมาะสมสำหรับการเพิ่มกล้ามเนื้อ
1111,อาหารที่เน้นการสร้างกล้ามเนื้อ
1111,อาหารที่ช่วยเพิ่มกล้ามเนื้อ
1111,อาหารที่สามารถเพิ่มปริมาณกล้ามเนื้อได้
1111,อาหารที่เน้นการพัฒนากล้ามเนื้อ
1111,อาหารที่เพิ่มปริมาณกล้ามเนื้อ
1111,อาหารที่ช่วยในการสร้างกล้ามเนื้อ
1111,อาหารที่เสริมกล้ามเนื้อได้
1111,อาหารที่เหมาะสมในการพัฒนากล้ามเนื้อ
1112,อาหารที่เหมาะสมสำหรับคนที่ต้องการลดน้ำหนัก
1112,อาหารที่ควรเลือกสำหรับการลดน้ำหนัก
1112,อาหารที่ควรรับประทานเมื่อต้องการลดน้ำหนัก
1112,อาหารที่เหมาะสมกับกระบวนการลดน้ำหนัก
1112,อาหารที่เสริมระบบลดน้ำหนัก
1112,อาหารที่สามารถช่วยลดน้ำหนัก
1112,อาหารที่เน้นการลดน้ำหนัก
1112,อาหารที่เหมาะสมสำหรับกระบวนการลดน้ำหนัก
1112,อาหารที่เหมาะสมสำหรับการลดน้ำหนัก
1112,อาหารที่ช่วยลดน้ำหนักได้
1112,อาหารที่ช่วยในกระบวนการลดน้ำหนัก
1112,อาหารที่สามารถเพิ่มการลดน้ำหนัก
1112,อาหารที่เหมาะสมสำหรับการลดน้ำหนัก
1112,อาหารที่เหมาะสมสำหรับการลดน้ำหนักอย่างเหมาะสม
1112,อาหารที่ควรรับประทานเมื่อมีเป้าหมายการลดน้ำหนัก
1113,อาหารที่ควรหลีกเลี่ยงในการบริโภคเมื่อต้องการลดน้ำหนัก
1113,อาหารที่ไม่ควรรับประทานในการลดน้ำหนัก
1113,อาหารที่ควรจำกัดในเวลาที่ต้องการลดน้ำหนัก
1113,อาหารที่เหมาะสมสำหรับการลดน้ำหนัก
1113,อาหารที่ควรหลีกเลี่ยงเพื่อการควบคุมน้ำหนัก
1113,อาหารที่ควรลดการบริโภคเมื่อมีเป้าหมายในการลดน้ำหนัก
1113,อาหารที่ควรหลีกเลี่ยงในการลดน้ำหนัก
1113,อาหารที่ควรจำกัดการบริโภคเพื่อลดน้ำหนัก
1113,อาหารที่ไม่เหมาะสมสำหรับการลดน้ำหนัก
1113,อาหารที่ควรป้องกันเมื่อต้องการลดน้ำหนัก
1113,อาหารที่ควรเลี่ยงในกระบวนการลดน้ำหนัก
1113,อาหารที่ไม่เหมาะสมในการควบคุมน้ำหนัก
1113,อาหารที่ควรหลีกเลี่ยงในเวลาที่มีเป้าหมายการลดน้ำหนัก
1113,อาหารที่ไม่ควรรับประทานเมื่อต้องการลดน้ำหนัก
1113,อาหารที่ควรป้องกันเมื่อมีเป้าหมายการลดน้ำหนัก
1114,อาหารที่เหมาะสมสำหรับการรักษาน้ำหนักตัว
1114,อาหารที่ควรหลีกเลี่ยงในการบริโภคเมื่อต้องการรักษาน้ำหนัก
1114,อาหารที่ไม่ควรรับประทานในการรักษาน้ำหนัก
1114,อาหารที่ควรจำกัดในเวลาที่ต้องการรักษาน้ำหนัก
1114,อาหารที่เหมาะสมสำหรับการรักษาน้ำหนัก
1114,อาหารที่ควรหลีกเลี่ยงเพื่อการควบคุมน้ำหนัก
1114,อาหารที่ควรลดการบริโภคเมื่อมีเป้าหมายในการรักษาน้ำหนัก
1114,อาหารที่ควรหลีกเลี่ยงในการรักษาน้ำหนัก
1114,อาหารที่ควรจำกัดการบริโภคเพื่อรักษาน้ำหนัก
1114,อาหารที่ไม่เหมาะสมสำหรับการรักษาน้ำหนัก
1114,อาหารที่ควรป้องกันเมื่อต้องการรักษาน้ำหนัก
1114,อาหารที่ควรเลี่ยงในกระบวนการรักษาน้ำหนัก
1114,อาหารที่ไม่เหมาะสมในการควบคุมน้ำหนัก
1114,อาหารที่ควรหลีกเลี่ยงในเวลาที่มีเป้าหมายการรักษาน้ำหนัก
1114,อาหารที่ไม่ควรรับประทานเมื่อต้องการรักษาน้ำหนัก
1114,อาหารที่ควรป้องกันเมื่อมีเป้าหมายการรักษาน้ำหนัก
1115,อาหารประเภทใดที่มีประโยชน์สำหรับสุขภาพ
1115,ประเภทของอาหารที่เป็นประโยชน์ต่อสุขภาพ
1115,อาหารประเภทใดที่เสริมสร้างสุขภาพ
1115,ประเภทของอาหารที่มีผลดีต่อสุขภาพ
1115,อาหารประเภทใดที่ส่งเสริมสุขภาพ
1115,ประเภทของอาหารที่เป็นประโยชน์สำหรับสุขภาพ
1115,อาหารประเภทใดที่มีคุณค่าสำหรับสุขภาพ
1115,ประเภทของอาหารที่เสริมสร้างสุขภาพ
1115,อาหารประเภทใดที่มีส่วนช่วยสุขภาพ
1115,ประเภทของอาหารที่เป็นประโยชน์ต่อสุขภาพ
1115,อาหารประเภทใดที่ส่งเสริมสุขภาพ
1115,ประเภทของอาหารที่มีผลดีต่อสุขภาพ
1115,อาหารประเภทใดที่มีคุณค่าสำหรับสุขภาพ
1115,ประเภทของอาหารที่เสริมสร้างสุขภาพ
1115,อาหารประเภทใดที่มีส่วนช่วยสุขภาพ
1115,ประเภทของอาหารที่เป็นประโยชน์สำหรับสุขภาพ
1115,อาหารประเภทใดที่ส่งเสริมสุขภาพ
1116,อาหารเพื่อสุขภาพกระดูกและฟัน
1116,อาหารที่บำรุงกระดูกและฟัน
1116,อาหารสำหรับสุขภาพกระดูกและฟัน
1116,อาหารที่เสริมสร้างกระดูกและฟัน
1116,อาหารที่มีประโยชน์สำหรับกระดูกและฟัน
1116,อาหารที่เสริมสร้างสุขภาพกระดูกและฟัน
1116,อาหารที่เป็นประโยชน์ต่อกระดูกและฟัน
1116,อาหารที่มีคุณค่าสำหรับกระดูกและฟัน
1116,อาหารที่ช่วยรักษาสุขภาพกระดูกและฟัน
1116,อาหารที่เน้นสุขภาพกระดูกและฟัน
1116,อาหารที่เหมาะสมสำหรับกระดูกและฟัน
1116,อาหารที่เสริมระบบกระดูกและฟัน
1116,อาหารที่ช่วยในการรักษาสุขภาพกระดูกและฟัน
1116,อาหารที่เป็นประโยชน์สำหรับกระดูกและฟัน
1116,อาหารที่เน้นสุขภาพกระดูกและฟัน
1116,อาหารที่เสริมสร้างกระดูกและฟันอย่างมีประสิทธิภาพ
1116,อาหารที่เหมาะสมสำหรับการดูแลกระดูกและฟัน
1117,อาหารเพื่อสุขภาพหัวใจ
1117,อาหารที่ดีต่อหัวใจ
1117,อาหารที่เป็นมิตรกับหัวใจ
1117,เมนูที่ดีต่อหัวใจ
1117,อาหารเสริมสุขภาพหัวใจ
1117,การบริโภคอาหารสุขภาพหัวใจ
1117,เมนูเพื่อสุขภาพหัวใจ
1117,อาหารที่เลือกใช้เพื่อความแข็งแรงของหัวใจ
1117,การบริโภคอาหารเพื่อสุขภาพหัวใจ
1117,อาหารที่ให้ประโยชน์แก่หัวใจ
1117,อาหารที่เป็นประโยชน์ต่อระบบหัวใจ
1117,การเลือกรับประทานอาหารที่เพื่อสุขภาพหัวใจ
1117,อาหารที่เป็นประโยชน์สำหรับหัวใจ
1117,อาหารที่รองรับสุขภาพหัวใจ
1117,การบริโภคอาหารเพื่อรักษาสุขภาพหัวใจ
1117,อาหารที่สนับสนุนหัวใจ
1117,อาหารที่ช่วยให้หัวใจแข็งแรง
1118,ควรรับประทานอาหารในเวลาเช้าที่มีประโยชน์ต่อกระเพาะอาหารและระบบย่อยอย่างไร
1118,การรับประทานอาหารในเช้าควรเลือกอย่างไรให้กระเพาะอาหารและระบบย่อยได้รับประโยชน์
1118,เลือกอาหารเช้าให้เหมาะสมสำหรับกระเพาะอาหารและระบบย่อย
1118,วิธีการเลือกอาหารเช้าที่เป็นประโยชน์สำหรับกระเพาะอาหารและระบบย่อย
1118,อาหารเช้าที่ทำให้กระเพาะอาหารและระบบย่อยดีขึ้น
1118,การรับประทานเช้าที่สนับสนุนกระเพาะอาหารและระบบย่อย
1118,วิธีเลือกเมนูเช้าเพื่อสุขภาพกระเพาะอาหารและระบบย่อย
1118,การบริโภคเช้าที่เพิ่มประโยชน์ของกระเพาะอาหารและระบบย่อย
1118,ประโยชน์ของการเลือกอาหารในเช้าสำหรับกระเพาะอาหารและระบบย่อย
1118,วิธีการรับประทานเช้าเพื่อส่งเสริมกระเพาะอาหารและระบบย่อย
1118,เมนูเช้าที่มีประโยชน์ต่อกระเพาะอาหารและระบบย่อย
1118,การเลือกเมนูเช้าที่สุขภาพให้เกิดประโยชน์กระเพาะอาหารและระบบย่อย
1118,วิธีการรับประทานเช้าเพื่อรักษากระเพาะอาหารและระบบย่อย
1118,อาหารในเช้าที่เป็นประโยชน์สำหรับกระเพาะอาหารและระบบย่อย
1118,เลือกเมนูอาหารเช้าที่เหมาะสมสำหรับกระเพาะอาหารและระบบย่อย
1118,การรับประทานอาหารในเช้าที่เพิ่มประโยชน์ของกระเพาะอาหารและระบบย่อย
1118,ประโยชน์ของการเลือกเมนูเช้าเพื่อสุขภาพกระเพาะอาหารและระบบย่อย
1118,การบริโภคเมนูเช้าที่เพิ่มประโยชน์ของกระเพาะอาหารและระบบย่อย
1118,วิธีการเลือกเมนูอาหารในเช้าที่มีประโยชน์ต่อกระเพาะอาหารและระบบย่อย
1119,ควรเลือกอาหารที่มีไฟเบอร์สูงเมื่อมีความต้องการในการรักษาสุขภาพ
1119,การเลือกเมนูอาหารที่อุดมไปด้วยไฟเบอร์มากเมื่อต้องการดูแลสุขภาพ
1119,เมนูที่มีระดับไฟเบอร์สูงเป็นเลือกที่เหมาะสมสำหรับการรักษาสุขภาพ
1119,การรับประทานอาหารที่เคร่งครัดไฟเบอร์เมื่อมีความเจ็บปวดลำไส้
1119,วิธีการเลือกเมนูอาหารที่มีการส่งเสริมระดับไฟเบอร์สูงเพื่อลำไส้
1119,เมนูอาหารที่เต็มไปด้วยไฟเบอร์เมื่อความต้องการเป็นการดูแล
1119,การบริโภคเมนูอาหารที่เริ่มขึ้นระดับไฟเบอร์เมื่อมีความจำเป็นในการรักษาสุขภาพ
1119,การรับประทานอาหารที่มีระดับไฟเบอร์สูงเมื่อมีความต้องการในการดูแลสุขภาพ
1119,เมนูที่เป็นทางเลือกสำหรับการเพิ่มปริมาณไฟเบอร์เมื่อมีความจำเป็นในการรักษาสุขภาพ
1119,การเลือกเมนูที่มีการส่งเสริมไฟเบอร์สูงเมื่อต้องการดูแลลำไส้
1119,เมนูอาหารที่เต็มไปด้วยไฟเบอร์เป็นทางเลือกที่ดีสำหรับการรักษาสุขภาพของ
1119,การบริโภคเมนูที่มีระดับไฟเบอร์สูงเมื่อมีความจำเป็นในการดูแลสุขภาพ
1119,วิธีการเลือกเมนูอาหารที่มีการส่งเสริมไฟเบอร์เมื่อต้องการดูแลลำไส้
1119,เมนูที่มีไฟเบอร์สูงเป็นเลือกที่ดีเมื่อต้องการรักษาสุขภาพของลำไส้
1119,การรับประทานอาหารที่มีระดับไฟเบอร์สูงเมื่อมีความสำคัญในการดูแลสุขภาพ
1119,เมนูที่เป็นทางเลือกสำหรับการเพิ่มปริมาณไฟเบอร์เมื่อมีความจำเป็นในการรักษาสุขภาพ
1119,การเลือกเมนูที่มีการส่งเสริมไฟเบอร์สูงเมื่อมีความสำคัญในการดูแลลำไส้
1001,อาหารที่มี
1001,อาหารที่มี สูง
1001,ของกินที่มี
1001,อาหารที่มีปริมาณ
1001,อาหารที่ประกอบด้วย
1001,ในอาหาร
1001,อาหารที่อุดมไปด้วย
1001,ที่เป็นส่วนประกอบในอาหาร
1001,ของกินที่มีส่วนผสมของ
1001,อาหารที่ สูง
1001,ปริมาณ สูงในอาหาร
1001,พบมากในอาหาร
1001,อาหารที่พบมาก
1101,อาหารที่ควรรับประทานเมื่อต้องการเพิ่มสมรรถภาพการออกกำลังกาย
1101,อาหารที่ควรเลือกในการเพิ่มสมรรถภาพการออกกำลังกาย
1101,วิธีการเลือกอาหารเพื่อเพิ่มสมรรถภาพการออกกำลังกาย
1101,อาหารที่เหมาะสมสำหรับการเพิ่มสมรรถภาพร่างกาย
1101,วิธีการเลือกเมนูอาหารเพื่อเพิ่มสมรรถภาพร่างกาย
1101,สิ่งที่ควรบริโภคเมื่อต้องการเสริมสมรรถภาพ
1101,รายการอาหารที่เหมาะสมสำหรับการออกกำลังกาย
1101,สิ่งที่ควรบริโภคเพื่อเพิ่มสมรรถภาพร่างกาย
1101,แหล่งโภชนาการสำหรับการเพิ่มสมรรถภาพทางกาย
1101,รายการอาหารที่เหมาะสมสำหรับการออกกำลังกาย
1101,อาหารที่เหมาะสมเพื่อเพิ่มประสิทธิภาพการออกกำลังกาย
1101,การเลือกเมนูอาหารเพื่อเพิ่มสมรรถภาพทางกาย
1101,สิ่งที่ควรบริโภคเพื่อเพิ่มสมรรถภาพร่างกาย
1101,วิธีการเลือกเมนูอาหารเพื่อเพิ่มสมรรถภาพการออกกำลังกาย
1101,การเลือกแหล่งโภชนาการสำหรับเสริมสมรรถภาพทางกาย
1101,ของกินที่เหมาะสมสำหรับการออกกำลังกาย
1102,อาหารที่เหมาะสมสำหรับการฟื้นฟูหลังการออกกำลังกาย
1102,อาหารที่เหมาะสมในการฟื้นฟูหลังการออกกำลังกาย
1102,ของกินที่เหมาะสมหลังจากการออกกำลังกาย
1102,การเลือกอาหารในการฟื้นฟูร่างกายหลังการออกกำลังกาย
1102,วิธีการเลือกเมนูอาหารหลังจากการออกกำลังกาย
1102,แหล่งโภชนาการที่เหมาะสมสำหรับการฟื้นฟูหลังการออกกำลังกาย
1102,อาหารที่ควรบริโภคในขณะที่กำลังฟื้นฟูหลังการออกกำลังกาย
1102,วิธีการเลือกเมนูอาหารเพื่อการฟื้นฟูหลังการออกกำลังกาย
1102,สิ่งที่ควรทานเมื่อต้องการฟื้นฟูหลังการออกกำลังกาย
1102,อาหารที่เหมาะสมสำหรับการเตรียมความพร้อมหลังการออกกำลังกาย
1102,การเลือกอาหารเพื่อการฟื้นฟูร่างกายหลังออกกำลังกาย
1102,สิ่งที่ควรบริโภคเพื่อการฟื้นฟูหลังการออกกำลังกาย
1102,แหล่งโภชนาการที่เหมาะสมหลังจากการออกกำลังกาย
1102,วิธีการเลือกเมนูอาหารในการฟื้นฟูหลังการออกกำลังกาย
1102,อาหารที่เหมาะสมสำหรับการฟื้นฟูร่างกายหลังการออกกำลังกาย
1102,การเลือกแหล่งโภชนาการเพื่อการฟื้นฟูหลังการออกกำลังกาย
1102,ของกินที่เหมาะสมสำหรับการฟื้นฟูหลังการออกกำลังกาย
1102,วิธีการเลือกเมนูอาหารหลังจากการออกกำลังกาย
1103,อาหารที่เหมาะสมสำหรับผู้ที่ออกกำลังกายมาก
1103,แหล่งโภชนาการที่เหมาะสมสำหรับคนที่มีการออกกำลังกายอย่างหนัก
1103,ของกินที่เหมาะสมสำหรับผู้ที่มีการออกกำลังกายบ่อย
1103,แหล่งโภชนาการที่เหมาะสมสำหรับผู้ที่ออกกำลังกายเป็นประจำ
1103,สิ่งที่ควรบริโภคเมื่อออกกำลังกายมาก
1103,การเลือกแหล่งโภชนาการเมื่อมีการออกกำลังกายอย่างหนัก
1103,อาหารที่เหมาะสมสำหรับผู้ที่มีการออกกำลังกายเป็นประจำ
1103,วิธีการเลือกเมนูอาหารเมื่อมีการออกกำลังกายบ่อย
1103,การเลือกอาหารเมื่อมีการออกกำลังกายสม่ำเสมอ
1103,วิธีการเลือกเมนูอาหารสำหรับผู้ที่มีการออกกำลังกายประจำ
1103,สิ่งที่ควรทานเมื่อคุณมีการออกกำลังกายเป็นประจำ
1103,อาหารที่ควรบริโภคเมื่อมีการออกกำลังกายตลอดเวลา
1103,การเลือกอาหารในระหว่างการออกกำลังกายเป็นประจำ
1103,สิ่งที่ควรทานเมื่อมีการออกกำลังกายตลอดเวลา
1103,การเลือกอาหารในระหว่างการออกกำลังกายอยู่ตลอดเวลา
1103,อาหารที่เหมาะสมสำหรับคนที่ออกกำลังกายอยู่ตลอดเวลา
1104,ควรรับประทานอาหารแบบไหนก่อนการออกกำลังกาย
1104,อาหารที่ควรบริโภคก่อนการออกกำลังกาย
1104,แหล่งโภชนาการที่เหมาะสมก่อนการออกกำลังกาย
1104,สิ่งที่ควรทานก่อนออกกำลังกาย
1104,ของกินที่เหมาะสมก่อนการออกกำลังกาย
1104,วิธีการเลือกอาหารเพื่อเตรียมตัวก่อนการออกกำลังกาย
1104,แนวทางการบริโภคอาหารก่อนการออกกำลังกาย
1104,อาหารที่เหมาะสมสำหรับเตรียมตัวก่อนการออกกำลังกาย
1104,การเลือกเมนูอาหารเพื่อเตรียมตัวก่อนออกกำลังกาย
1104,แหล่งโภชนาการที่เหมาะสมก่อนการออกกำลังกาย
1104,อาหารที่เหมาะสมสำหรับการเตรียมตัวก่อนการออกกำลังกาย
1104,ของกินที่เหมาะสมก่อนการออกกำลังกาย
1104,แหล่งโภชนาการที่เหมาะสมสำหรับการเตรียมตัวก่อนการออกกำลังกาย
1104,วิธีการเลือกเมนูอาหารในการเตรียมตัวก่อนการออกกำลังกาย
1104,การเลือกแหล่งโภชนาการในการเตรียมตัวก่อนออกกำลังกาย
1105,อาหารที่ควรบริโภคหลังการออกกำลังกาย
1105,วิธีการเลือกเมนูอาหารหลังการออกกำลังกาย
1105,แหล่งโภชนาการที่เหมาะสมหลังการออกกำลังกาย
1105,สิ่งที่ควรทานหลังการออกกำลังกาย
1105,ของกินที่เหมาะสมหลังการออกกำลังกาย
1105,วิธีการเลือกเมนูอาหารหลังจากการออกกำลังกาย
1105,อาหารที่เหมาะสมสำหรับการสร้างความแข็งแรงหลังการออกกำลังกาย
1105,แหล่งโภชนาการที่เหมาะสมหลังการออกกำลังกาย
1105,อาหารที่เหมาะสมสำหรับความสมรรถภาพร่างกายหลังการออกกำลังกาย
1105,สิ่งที่ควรบริโภคหลังการออกกำลังกาย
1105,วิธีการเลือกเมนูอาหารเมื่อมีการออกกำลังกายบ่อย
1105,อาหารที่เหมาะสมหลังการออกกำลังกาย
1105,การเลือกแหล่งโภชนาการหลังการออกกำลังกาย
1105,สิ่งที่ควรทานหลังการออกกำลังกาย
1106,ควรรับประทานอาหารที่มีแคลอรี่อาหารมื้อเย็นในปริมาณเท่าใด
1106,วิธีการกำหนดปริมาณแคลอรี่ในมื้อเย็น
1106,ปริมาณพลังงานที่เหมาะสมในอาหารเย็น
1106,การเลือกเมนูอาหารในมื้ออาหารเย็น
1106,อาหารที่ควรบริโภคในตอนเย็น
1106,การควบคุมปริมาณแคลอรี่ในอาหารมื้อเย็น
1106,ปริมาณพลังงานที่เหมาะสมในอาหารสำหรับช่วงเย็น
1106,การคำนวณแคลอรี่ในเมนูอาหารสำหรับอาหารเย็น
1106,สิ่งที่ควรพิจารณาในการรับประทานอาหารในมื้อเย็น
1106,การเลือกเมนูที่ตรงกับแคลอรี่ในอาหารเย็น
1106,ปริมาณแคลอรี่ที่ควรบริโภคในตอนเย็น
1106,สิ่งที่ควรพิจารณาในการรับประทานอาหารในมื้อเย็น
1106,อาหารที่เหมาะสมในมื้อเย็น
1106,การปรับปริมาณแคลอรี่ในช่วงเย็น
1106,การเลือกเมนูอาหารที่ตรงกับแคลอรี่ในตอนมื้ออาหารเย็น
1107,อาหารในเวลามื้อเที่ยงเพื่อความอิ่ม
1107,ควรรับประทานอาหารที่มีแคลอรี่ในอาหารเที่ยงในปริมาณเท่าใด
1107,วิธีการกำหนดปริมาณแคลอรี่ในอาหารมื้อเที่ยง
1107,ปริมาณพลังงานที่เหมาะสมในมื้ออาหารเที่ยง
1107,การเลือกเมนูอาหารในตอนเที่ยง
1107,อาหารที่ควรบริโภคในช่วงเที่ยง
1107,การควบคุมปริมาณแคลอรี่ในอาหารเที่ยง
1107,ปริมาณพลังงานที่เหมาะสมในอาหารสำหรับมื้อเที่ยง
1107,การคำนวณแคลอรี่ในเมนูอาหารสำหรับมื้อเที่ยง
1107,สิ่งที่ควรพิจารณาในการรับประทานอาหารในตอนเที่ยง
1107,การเลือกเมนูที่ตรงกับแคลอรี่ในมื้อเที่ยง
1107,ปริมาณแคลอรี่ที่ควรบริโภคในช่วงเที่ยง
1107,สิ่งที่ควรพิจารณาในการรับประทานอาหารในมื้อเที่ยง
1107,อาหารที่เหมาะสมในมื้อเที่ยง
1107,การปรับปริมาณแคลอรี่ในอาหารเที่ยง
1107,การเลือกเมนูอาหารที่ตรงกับแคลอรี่ในมื้อเที่ยง
1108,อาหารในเวลามื้อเช้าเพื่อความอิ่ม
1108,ควรรับประทานอาหารที่มีแคลอรี่อาหารมื้อเช้าในปริมาณเท่าใด
1108,วิธีการกำหนดปริมาณแคลอรี่ในมื้ออาหารเช้า
1108,ปริมาณพลังงานที่เหมาะสมในช่วงเช้า
1108,การเลือกเมนูอาหารในอาหารมื้อเช้า
1108,อาหารที่ควรบริโภคในตอนเช้า
1108,การควบคุมปริมาณแคลอรี่ในช่วงเช้า
1108,ปริมาณพลังงานที่เหมาะสมในอาหารสำหรับมื้ออาหารเช้า
1108,การคำนวณแคลอรี่ในเมนูอาหารสำหรับอาหารในตอนเช้า
1108,สิ่งที่ควรพิจารณาในการรับประทานอาหารในมื้อเช้า
1108,การเลือกเมนูที่ตรงกับแคลอรี่ในมื้ออาหารเช้า
1108,ปริมาณแคลอรี่ที่ควรบริโภคในมื้อเช้า
1108,สิ่งที่ควรพิจารณาในการรับประทานอาหารในอาหารเช้า
1108,อาหารที่เหมาะสมในอาหารมื้อเช้า
1108,การปรับปริมาณแคลอรี่ในอาหารเช้า
1108,การเลือกเมนูอาหารที่ตรงกับแคลอรี่ในช่วงเช้า
1109,อาหารที่สามารถควบคุมระดับน้ำตาลในเลือดได้
1109,การเลือกอาหารเพื่อรักษาระดับน้ำตาลในเลือด
1109,อาหารที่มีส่วนช่วยลดระดับน้ำตาลในเลือด
1109,การบริโภคอาหารเพื่อควบคุมน้ำตาลในเลือด
1109,สิ่งที่ควรรับประทานเพื่อควบคุมระดับน้ำตาลในเลือด
1109,อาหารที่ช่วยลดระดับน้ำตาลในเลือด
1109,วิธีการควบคุมน้ำตาลในเลือดด้วยอาหาร
1109,แหล่งโภชนาการที่เหมาะสมสำหรับการควบคุมระดับน้ำตาลในเลือด
1109,การเลือกเมนูอาหารเพื่อควบคุมน้ำตาลในเลือด
1109,อาหารที่ช่วยลดความเสี่ยงต่อระดับน้ำตาลในเลือด
1109,วิธีการรักษาระดับน้ำตาลในเลือดด้วยการบริโภคอาหาร
1109,สิ่งที่ควรบริโภคเพื่อควบคุมระดับน้ำตาลในเลือด
1109,แหล่งโภชนาการที่ช่วยลดระดับน้ำตาลในเลือด
1109,การเลือกอาหารในการควบคุมน้ำตาลในเลือด
1109,อาหารที่มีประโยชน์ในการควบคุมระดับน้ำตาลในเลือด
1109,วิธีการบริโภคอาหารเพื่อควบคุมน้ำตาลในเลือด
1109,สิ่งที่ควรรับประทานเพื่อควบคุมระดับน้ำตาลในเลือด
1109,แหล่งโภชนาการที่ช่วยควบคุมระดับน้ำตาลในเลือด
1110,อาหารที่เน้นในการเสริมสร้างระบบภูมิคุ้มกัน
1110,อาหารที่เน้นเสริมสร้างระบบภูมิคุ้มกัน
1110,อาหารที่ช่วยเสริมสร้างระบบภูมิคุ้มกัน
1110,อาหารที่สามารถเสริมสร้างระบบภูมิคุ้มกันได้
1110,อาหารที่เสริมระบบภูมิคุ้มกัน
1110,อาหารที่ส่งเสริมระบบภูมิคุ้มกัน
1110,แหล่งโภชนาการที่เน้นการเสริมสร้างระบบภูมิคุ้มกัน
1110,อาหารที่มีประโยชน์ในการเสริมสร้างระบบภูมิคุ้มกัน
1110,สิ่งที่ควรรับประทานเพื่อเสริมสร้างระบบภูมิคุ้มกัน
1110,การบริโภคอาหารเพื่อเสริมสร้างระบบภูมิคุ้มกัน
1110,แนวทางการรับประทานอาหารเพื่อเสริมสร้างระบบภูมิคุ้มกัน
1110,อาหารที่มีส่วนช่วยในการเสริมสร้างระบบภูมิคุ้มกัน
1110,การเลือกเมนูอาหารเพื่อเสริมสร้างระบบภูมิคุ้มกัน
1110,อาหารที่เน้นการเสริมสร้างระบบภูมิคุ้มกัน
1110,การเลือกเมนูที่เป็นประโยชน์ในการเสริมสร้างระบบภูมิคุ้มกัน
1110,อาหารที่มีส่วนช่วยในการบำรุงระบบภูมิคุ้มกัน
1110,แนวทางการรับประทานอาหารเพื่อบำรุงระบบภูมิคุ้มกัน
1111,อาหารที่เหมาะสมสำหรับการสร้างกล้ามเนื้อ
1111,อาหารที่เหมาะสมในการพัฒนากล้ามเนื้อ
1111,อาหารที่เสริมสร้างกล้ามเนื้อได้
1111,อาหารที่ช่วยในการสร้างกล้ามเนื้อ
1111,อาหารที่สามารถเพิ่มกล้ามเนื้อได้
1111,อาหารที่เสริมกล้ามเนื้อ
1111,อาหารที่เพิ่มปริมาณกล้ามเนื้อ
1111,อาหารที่เหมาะสมสำหรับการเพิ่มกล้ามเนื้อ
1111,อาหารที่เน้นการสร้างกล้ามเนื้อ
1111,อาหารที่ช่วยเพิ่มกล้ามเนื้อ
1111,อาหารที่สามารถเพิ่มปริมาณกล้ามเนื้อได้
1111,อาหารที่เน้นการพัฒนากล้ามเนื้อ
1111,อาหารที่เพิ่มปริมาณกล้ามเนื้อ
1111,อาหารที่ช่วยในการสร้างกล้ามเนื้อ
1111,อาหารที่เสริมกล้ามเนื้อได้
1111,อาหารที่เหมาะสมในการพัฒนากล้ามเนื้อ
1112,อาหารที่เหมาะสมสำหรับคนที่ต้องการลดน้ำหนัก
1112,อาหารที่ควรเลือกสำหรับการลดน้ำหนัก
1112,อาหารที่ควรรับประทานเมื่อต้องการลดน้ำหนัก
1112,อาหารที่เหมาะสมกับกระบวนการลดน้ำหนัก
1112,อาหารที่เสริมระบบลดน้ำหนัก
1112,อาหารที่สามารถช่วยลดน้ำหนัก
1112,อาหารที่เน้นการลดน้ำหนัก
1112,อาหารที่เหมาะสมสำหรับกระบวนการลดน้ำหนัก
1112,อาหารที่เหมาะสมสำหรับการลดน้ำหนัก
1112,อาหารที่ช่วยลดน้ำหนักได้
1112,อาหารที่ช่วยในกระบวนการลดน้ำหนัก
1112,อาหารที่สามารถเพิ่มการลดน้ำหนัก
1112,อาหารที่เหมาะสมสำหรับการลดน้ำหนัก
1112,อาหารที่เหมาะสมสำหรับการลดน้ำหนักอย่างเหมาะสม
1112,อาหารที่ควรรับประทานเมื่อมีเป้าหมายการลดน้ำหนัก
1113,อาหารที่ควรหลีกเลี่ยงในการบริโภคเมื่อต้องการลดน้ำหนัก
1113,อาหารที่ไม่ควรรับประทานในการลดน้ำหนัก
1113,อาหารที่ควรจำกัดในเวลาที่ต้องการลดน้ำหนัก
1113,อาหารที่เหมาะสมสำหรับการลดน้ำหนัก
1113,อาหารที่ควรหลีกเลี่ยงเพื่อการควบคุมน้ำหนัก
1113,อาหารที่ควรลดการบริโภคเมื่อมีเป้าหมายในการลดน้ำหนัก
1113,อาหารที่ควรหลีกเลี่ยงในการลดน้ำหนัก
1113,อาหารที่ควรจำกัดการบริโภคเพื่อลดน้ำหนัก
1113,อาหารที่ไม่เหมาะสมสำหรับการลดน้ำหนัก
1113,อาหารที่ควรป้องกันเมื่อต้องการลดน้ำหนัก
1113,อาหารที่ควรเลี่ยงในกระบวนการลดน้ำหนัก
1113,อาหารที่ไม่เหมาะสมในการควบคุมน้ำหนัก
1113,อาหารที่ควรหลีกเลี่ยงในเวลาที่มีเป้าหมายการลดน้ำหนัก
1113,อาหารที่ไม่ควรรับประทานเมื่อต้องการลดน้ำหนัก
1113,อาหารที่ควรป้องกันเมื่อมีเป้าหมายการลดน้ำหนัก
1114,อาหารที่เหมาะสมสำหรับการรักษาน้ำหนักตัว
1114,อาหารที่ควรหลีกเลี่ยงในการบริโภคเมื่อต้องการรักษาน้ำหนัก
1114,อาหารที่ไม่ควรรับประทานในการรักษาน้ำหนัก
1114,อาหารที่ควรจำกัดในเวลาที่ต้องการรักษาน้ำหนัก
1114,อาหารที่เหมาะสมสำหรับการรักษาน้ำหนัก
1114,อาหารที่ควรหลีกเลี่ยงเพื่อการควบคุมน้ำหนัก
1114,อาหารที่ควรลดการบริโภคเมื่อมีเป้าหมายในการรักษาน้ำหนัก
1114,อาหารที่ควรหลีกเลี่ยงในการรักษาน้ำหนัก
1114,อาหารที่ควรจำกัดการบริโภคเพื่อรักษาน้ำหนัก
1114,อาหารที่ไม่เหมาะสมสำหรับการรักษาน้ำหนัก
1114,อาหารที่ควรป้องกันเมื่อต้องการรักษาน้ำหนัก
1114,อาหารที่ควรเลี่ยงในกระบวนการรักษาน้ำหนัก
1114,อาหารที่ไม่เหมาะสมในการควบคุมน้ำหนัก
1114,อาหารที่ควรหลีกเลี่ยงในเวลาที่มีเป้าหมายการรักษาน้ำหนัก
1114,อาหารที่ไม่ควรรับประทานเมื่อต้องการรักษาน้ำหนัก
1114,อาหารที่ควรป้องกันเมื่อมีเป้าหมายการรักษาน้ำหนัก
1115,อาหารประเภทใดที่มีประโยชน์สำหรับสุขภาพ
1115,ประเภทของอาหารที่เป็นประโยชน์ต่อสุขภาพ
1115,อาหารประเภทใดที่เสริมสร้างสุขภาพ
1115,ประเภทของอาหารที่มีผลดีต่อสุขภาพ
1115,อาหารประเภทใดที่ส่งเสริมสุขภาพ
1115,ประเภทของอาหารที่เป็นประโยชน์สำหรับสุขภาพ
1115,อาหารประเภทใดที่มีคุณค่าสำหรับสุขภาพ
1115,ประเภทของอาหารที่เสริมสร้างสุขภาพ
1115,อาหารประเภทใดที่มีส่วนช่วยสุขภาพ
1115,ประเภทของอาหารที่เป็นประโยชน์ต่อสุขภาพ
1115,อาหารประเภทใดที่ส่งเสริมสุขภาพ
1115,ประเภทของอาหารที่มีผลดีต่อสุขภาพ
1115,อาหารประเภทใดที่มีคุณค่าสำหรับสุขภาพ
1115,ประเภทของอาหารที่เสริมสร้างสุขภาพ
1115,อาหารประเภทใดที่มีส่วนช่วยสุขภาพ
1115,ประเภทของอาหารที่เป็นประโยชน์สำหรับสุขภาพ
1115,อาหารประเภทใดที่ส่งเสริมสุขภาพ
1116,อาหารเพื่อสุขภาพกระดูกและฟัน
1116,อาหารที่บำรุงกระดูกและฟัน
1116,อาหารสำหรับสุขภาพกระดูกและฟัน
1116,อาหารที่เสริมสร้างกระดูกและฟัน
1116,อาหารที่มีประโยชน์สำหรับกระดูกและฟัน
1116,อาหารที่เสริมสร้างสุขภาพกระดูกและฟัน
1116,อาหารที่เป็นประโยชน์ต่อกระดูกและฟัน
1116,อาหารที่มีคุณค่าสำหรับกระดูกและฟัน
1116,อาหารที่ช่วยรักษาสุขภาพกระดูกและฟัน
1116,อาหารที่เน้นสุขภาพกระดูกและฟัน
1116,อาหารที่เหมาะสมสำหรับกระดูกและฟัน
1116,อาหารที่เสริมระบบกระดูกและฟัน
1116,อาหารที่ช่วยในการรักษาสุขภาพกระดูกและฟัน
1116,อาหารที่เป็นประโยชน์สำหรับกระดูกและฟัน
1116,อาหารที่เน้นสุขภาพกระดูกและฟัน
1116,อาหารที่เสริมสร้างกระดูกและฟันอย่างมีประสิทธิภาพ
1116,อาหารที่เหมาะสมสำหรับการดูแลกระดูกและฟัน
1117,อาหารเพื่อสุขภาพหัวใจ
1117,อาหารที่ดีต่อหัวใจ
1117,อาหารที่เป็นมิตรกับหัวใจ
1117,เมนูที่ดีต่อหัวใจ
1117,อาหารเสริมสุขภาพหัวใจ
1117,การบริโภคอาหารสุขภาพหัวใจ
1117,เมนูเพื่อสุขภาพหัวใจ
1117,อาหารที่เลือกใช้เพื่อความแข็งแรงของหัวใจ
1117,การบริโภคอาหารเพื่อสุขภาพหัวใจ
1117,อาหารที่ให้ประโยชน์แก่หัวใจ
1117,อาหารที่เป็นประโยชน์ต่อระบบหัวใจ
1117,การเลือกรับประทานอาหารที่เพื่อสุขภาพหัวใจ
1117,อาหารที่เป็นประโยชน์สำหรับหัวใจ
1117,อาหารที่รองรับสุขภาพหัวใจ
1117,การบริโภคอาหารเพื่อรักษาสุขภาพหัวใจ
1117,อาหารที่สนับสนุนหัวใจ
1117,อาหารที่ช่วยให้หัวใจแข็งแรง
1118,ควรรับประทานอาหารในเวลาเช้าที่มีประโยชน์ต่อกระเพาะอาหารและระบบย่อยอย่างไร
1118,การรับประทานอาหารในเช้าควรเลือกอย่างไรให้กระเพาะอาหารและระบบย่อยได้รับประโยชน์
1118,เลือกอาหารเช้าให้เหมาะสมสำหรับกระเพาะอาหารและระบบย่อย
1118,วิธีการเลือกอาหารเช้าที่เป็นประโยชน์สำหรับกระเพาะอาหารและระบบย่อย
1118,อาหารเช้าที่ทำให้กระเพาะอาหารและระบบย่อยดีขึ้น
1118,การรับประทานเช้าที่สนับสนุนกระเพาะอาหารและระบบย่อย
1118,วิธีเลือกเมนูเช้าเพื่อสุขภาพกระเพาะอาหารและระบบย่อย
1118,การบริโภคเช้าที่เพิ่มประโยชน์ของกระเพาะอาหารและระบบย่อย
1118,ประโยชน์ของการเลือกอาหารในเช้าสำหรับกระเพาะอาหารและระบบย่อย
1118,วิธีการรับประทานเช้าเพื่อส่งเสริมกระเพาะอาหารและระบบย่อย
1118,เมนูเช้าที่มีประโยชน์ต่อกระเพาะอาหารและระบบย่อย
1118,การเลือกเมนูเช้าที่สุขภาพให้เกิดประโยชน์กระเพาะอาหารและระบบย่อย
1118,วิธีการรับประทานเช้าเพื่อรักษากระเพาะอาหารและระบบย่อย
1118,อาหารในเช้าที่เป็นประโยชน์สำหรับกระเพาะอาหารและระบบย่อย
1118,เลือกเมนูอาหารเช้าที่เหมาะสมสำหรับกระเพาะอาหารและระบบย่อย
1118,การรับประทานอาหารในเช้าที่เพิ่มประโยชน์ของกระเพาะอาหารและระบบย่อย
1118,ประโยชน์ของการเลือกเมนูเช้าเพื่อสุขภาพกระเพาะอาหารและระบบย่อย
1118,การบริโภคเมนูเช้าที่เพิ่มประโยชน์ของกระเพาะอาหารและระบบย่อย
1118,วิธีการเลือกเมนูอาหารในเช้าที่มีประโยชน์ต่อกระเพาะอาหารและระบบย่อย
1119,ควรเลือกอาหารที่มีไฟเบอร์สูงเมื่อมีความต้องการในการรักษาสุขภาพ
1119,การเลือกเมนูอาหารที่อุดมไปด้วยไฟเบอร์มากเมื่อต้องการดูแลสุขภาพ
1119,เมนูที่มีระดับไฟเบอร์สูงเป็นเลือกที่เหมาะสมสำหรับการรักษาสุขภาพ
1119,การรับประทานอาหารที่เคร่งครัดไฟเบอร์เมื่อมีความเจ็บปวดลำไส้
1119,วิธีการเลือกเมนูอาหารที่มีการส่งเสริมระดับไฟเบอร์สูงเพื่อลำไส้
1119,เมนูอาหารที่เต็มไปด้วยไฟเบอร์เมื่อความต้องการเป็นการดูแล
1119,การบริโภคเมนูอาหารที่เริ่มขึ้นระดับไฟเบอร์เมื่อมีความจำเป็นในการรักษาสุขภาพ
1119,การรับประทานอาหารที่มีระดับไฟเบอร์สูงเมื่อมีความต้องการในการดูแลสุขภาพ
1119,เมนูที่เป็นทางเลือกสำหรับการเพิ่มปริมาณไฟเบอร์เมื่อมีความจำเป็นในการรักษาสุขภาพ
1119,การเลือกเมนูที่มีการส่งเสริมไฟเบอร์สูงเมื่อต้องการดูแลลำไส้
1119,เมนูอาหารที่เต็มไปด้วยไฟเบอร์เป็นทางเลือกที่ดีสำหรับการรักษาสุขภาพของ
1119,การบริโภคเมนูที่มีระดับไฟเบอร์สูงเมื่อมีความจำเป็นในการดูแลสุขภาพ
1119,วิธีการเลือกเมนูอาหารที่มีการส่งเสริมไฟเบอร์เมื่อต้องการดูแลลำไส้
1119,เมนูที่มีไฟเบอร์สูงเป็นเลือกที่ดีเมื่อต้องการรักษาสุขภาพของลำไส้
1119,การรับประทานอาหารที่มีระดับไฟเบอร์สูงเมื่อมีความสำคัญในการดูแลสุขภาพ
1119,เมนูที่เป็นทางเลือกสำหรับการเพิ่มปริมาณไฟเบอร์เมื่อมีความจำเป็นในการรักษาสุขภาพ
1119,การเลือกเมนูที่มีการส่งเสริมไฟเบอร์สูงเมื่อมีความสำคัญในการดูแลลำไส้
2001,การวางแผนการฝึกออกกำลังกายสำหรับการเพิ่มความสูง
2001,ทำยังไงให้สูง
2001,อยากสูงออกกำลังกายยังไง
2001,ต้องออกกำลังถึงจะทำให้ส่วนสูงเพิ่มขึ้น
2001,อยากเป็นคนสูงต้องออกกำลังกาย
2001,การออกกำลังกายที่เหมาะสมต่อการเพิ่มส่วนสูง
2001,ต้องการให้ลูกสูงต้องวางแผนอย่างไร
2001,วางแผนการออกกำลังกายที่ทำให้ร่างกายสูงโปร่งให้ที
2001,สามารถเพิ่มความสูงด้วยการออกกำลังกายอย่างไร
2001,ต้องการวางแผนเพื่อเพิ่มความสูง
2001,ตอนนี้เตี้ยอยากสูงกว่านี้ต้องทำยังไง
2001,ตอนนี้ยังสูงไม่พออยากสูงกว่านี้ออกกำลังกายยังไงดี
2001,ตอนนี้รู้สึกว่าเตี้ยไปอยากเพิ่มส่วนสูงควรออกกำลังกาย
2001,ไม่อยากให้ลูกเตี้ยจัดตารางออกกำลังกาย
2001,จัดตารางการออกกำลังให้ทีที่สามารถทำให้ความสูงเพิ่มขึ้นได้
2001,ปัจจุบันเป็นลูกมีส่วนสูงต่ำกว่าเกณฑ์ ควรจัดการออกกำลังกาย
2001,เป็นคนที่สูงน้อยกว่าคนอื่นมาก อยากเพิ่มส่วนสูง ออกกำลังยังไงให้สูงขึ้นบ้าง
2001,ตอนนี้เตี้ยกว่าคนรอบตัวจัดตารางการออกกำลังที่ทำให้สูงขึ้น
2001,อยากสูงเร็วต้องออกกำลังกาย
2001,ถ้าจะสูงกว่านี้ทำยังไง
2001,อยากสูงไว ควรทำ บ้าง
2001,ไม่อยากเตี้ยอีกต่อไป ทางแก้ไข
2001,จะต้องสูงกว่านี้ให้ได้
2001,วิธีทำให้ส่วนสูงเพิ่มมากขึ้น
2001,มีการออกกำลังกายแบบที่ช่วยเพิ่มส่วนสูงได้
2001,วิธีการออกกำลังกายสำหรับผู้ใหญ่ที่ต้องการเพิ่มส่วนสูง
2001,ไม่อยากเตี้ยจัดการยังไงดี
2001,จะทำให้ความสูงเพิ่มขึ้นไม่อยากเตี้ย
2001,เพิ่มส่วนมีทางไหนที่ช่วยได้บ้าง
2001,ต้องการให้ส่วนสูงมีมากขึ้นต้องทำ
2001,วิธีการบริหารร่างกายเพื่อเพิ่มความสูงให้มากขึ้น
2002,การวางแผนการออกกำลังกายสำหรับการลดน้ำหนักในช่วงเวลาสั้นๆ มีเคล็ดลับบ้าง
2002,วิธีการเลือกท่าออกกำลังกายสำหรับการผอมลงเพื่อรักษาน้ำหนัก
2002,แนะนำการออกกำลังกายที่ทำให้น้ำหนักลดเร็ว
2002,จะออกกำลังกายยังไง ให้ร่างกายเบิร์นไขมันออกจากร่างกายเยอะ
2002,อยากผอมไว จะต้องจัดแผนการออกกำลังกายประมาณไหนดี
2002,ไม่ผอมสักทีน้ำหนักก็เกินกว่าเกณฑ์ มีวิธีไหนที่ช่วยให้น้ำหนักลดลงบ้าง
2002,ตอนนี้ท้วมอยากออกกำลังเพื่อจะได้ผอมเหมือนเดิม ช่วยแนะนำหน่อย
2002,ท่าออกกำลังกายที่ช่วยลดไขมันทั้งตัวสำหรับคนท้วม
2002,คุมอาหารก็แล้วน้ำหนักก็ไม่ได้ลดไปขนาดนั้น ถ้าต้องออกกำลังกายช่วยต้องออกกำลังกาย
2002,ช่วงนี้รู้สึกเหมือนร่างกายขยายออกด้านข้าง แนะนำการจัดตารางการออกกำลังเพื่อลดน้ำหนัก
2002,รูปร่างใหญขึ้นอยากลดความอ้วน
2002,ตัวขยายน้ำหนักมากขึ้น
2002,อยากผอมมีทางที่ทำให้ผอมไว
2002,มีทางที่ช่วยให้น้ำหนักลด
2002,อยากรักษารูปร่างให้ดี ไม่ให้น้ำหนักเพิ่ม
2002,มีทางที่จะช่วยลดไขมันส่วนเกิน
2002,วิธีกำจัดไขมันส่วนเกิน
2002,หาทางที่จะทำให้ไขมันส่วนเกินหมดไป
2002,ลดน้ำหนักต้องลดด้วยการออกกำลัง
2002,อยากลดความอ้วนแต่ไม่รู้ว่าควรทำ
2002,ออกกำลังกายไงก็ไม่ลด อยากขอวิธีออกกำลังที่ทำให้คนน้ำหนักลดยากสามารถลดน้ำหนักได้ผล
2002,อยากลดน้ำหนักแต่เป็นอ้วนมากมักเจ็บข้อเท้าเวลาทำตามคลิปทั่วไป มีท่าออกกำลังกายแนะนำไหม
2002,อยากลดความอ้วน ขอการออกกำลังกายที่เหมาะสมหน่อย
2002,ในช่วยที่กำลังไดเอทอยากออกกำลังควบคูกับกับการคุมอาหาร ต้องออกกำลังยังไง
2002,ลดความอ้วนต้องลดด้วยการออกกำลังกาย
2002,อยากไดเอทมาก จัดตารางการออกกำลังยังไงให้ผอมเร็ว ๆ
2002,ค่า BMI สูงกว่าเกณฑ์จะต้องออกกำลังกายให้มันกลับมาเป็นสมส่วน
2002,BMI สูงมากต้องการตารางการออกกำลังกายด่วน เพื่อให้มันลดลงมา
2002,ท่าบริหารกล้ามเนื้อแบบคาร์ดิโอที่เหมาะสมสำหรับผู้ที่ต้องการลดน้ำหนัก
2002,อยากทราบวิธีการเพิ่มกล้ามเนื้อและลดไขมัน
2003,ท่าบริหารกล้ามเนื้อแขนให้มีความแข็งแรงและสมดุล
2003,ท่าบริหารกล้ามเนื้อแขนให้เสริมสร้างความแข็งแรงและรูปร่างที่สวยงาม
2003,อยากเพิ่มกล้ามเนื้อแขนต้องออกกำลังกายท่า
2003,ต้นแขนไม่ค่อยมีกล้ามเนื้อมีแต่ไขมันต้องออกกำลังกาย
2003,ต้นลดไขมันต้นแขน แนะนำการออกกำลังกาบริเวณแขน
2003,แขนใหญ่ออกกำลังกาย ให้แขนเล็กลง
2003,อยากออกกำลังกายโดยเน้นส่วนแขน
2003,ปัญหาหลักคือต้นแขนย้วยไม่กระชับ แนะนำการจัดตาราง
2003,เราสามารถสร้างเสริมความแข็งบริเวณแขนด้วยการออกกำลังกาย
2003,อยากลดเนื้อบริเวณแขนต้องบริหารยังไง
2003,ช่วยแนะนำท่าออกกำลังกายที่ช่วยลดเนื้อตรงแขนเร็ว
2003,รู้สึกไม่มั่นใจอยากทำให้แขนลดลง
2003,แขนไม่ค่อยมีแรงอยากได้วิธีที่เพิ่มความทนทานของแขน
2003,เมื่อยแขนง่ายโดยเฉพาะต้นแขนขอวิธีแก้
2003,อยากเน้นแขนให้มีความอดทน จะต้องออกกำลังกาย
2003,แขนช่วงล่างใหญ่ออกกำลังกายช่วยลดเร็ว
2003,แนะนำการจัดตารางการออกกำลังกายที่ทำให้แขนเล็ก
2003,อยากแขนเล็กลง
2003,เนื้อแขนเยอะมาก ต้องลด
2003,มีปัญหากับไขมันละความย้วยที่แขน อยากได้วิธีจัดการ
2003,ท่าบริหารกล้ามเนื้อต้นแขนเพื่อความกระชับและความแข็งแรง
2003,ท่าออกกำลังกายสำหรับการเพิ่มความแข็งแรงของกล้ามเนื้อแขน
2003,วิธีการเลือกท่าออกกำลังกายเพื่อเสริมกล้ามเนื้อในส่วนแขน
2003,ท่าบริหารกล้ามเนื้อหน้าอกเพื่อความแข็งแรงและกำหนดรูปร่าง
2003,ท่าบริหารกล้ามเนื้อส่วนบนของลำตัวเพื่อความสมดุลและรูปร่างที่ดี
2003,กล้ามเนื้อหน้าอกสามารถเพิ่มได้
2003,ท่าบรืหารกล้ามเนื้อหน้าอกเพื่อเพิ่มความแข็งแรงของหน้าอก
2003,ต้องการสร้างกล้ามเนื้อหน้าอกให้มีความแข็งมากกว่านี้ ช่วยแนะนำ
2003,อยากออกกำลังกายเน้นส่วนหน้าอก มีท่าบริหารที่แนะนำ
2003,การฝึกกล้ามเนื้อหน้าอกเพื่อเพิ่มประสิทธิภาพในการลดไขมัน
2003,ท่าบริหารกล้ามเนื้อหน้าอกเพื่อการเข้าใจและควบคุมความสมดุล
2003,การฝึกกล้ามเนื้อหน้าอกเพื่อเพิ่มความแข็งแรงและมีรูปร่างที่ดี
2003,ท่าที่ช่วยเน้นบริเวณกล้ามอกให้มีการออกกำลัง
2003,อยากได้กล้ามหน้าอกเพิ่มเพิ่มควรมีแพลนการออกกำลังกาย
2003,อยากมีกล้ามหน้าอกสวย มีแนวทางการออกกำลังกาย
2003,การออกกำลังที่สามารถเพิ่มกล้ามเนื้อบริเวณหน้าอกได้อย่างมีประสิทธิภาพ
2003,แนะนำท่าบริหารที่จะช่วยเสริมสร้างบริเวณหน้าอก
2003,สร้างกล้ามเนื้อหน้าให้มีขนาดใหญ่มากขึ้น
2003,ท่าบริหารที่ช่วยทำให้กล้ามเนื้อหน้าอกแข็งแรง และทนทาน
2003,อยากสร้างความแข็งแรงส่วนหน้าควรออกกำลังกาย
2003,ท่าบริหารกล้ามเนื้อเชิงกล้ามใหญ่ในขาที่ดีสำหรับนักกีฬา
2003,ท่าบริหารกล้ามเนื้อขาเพื่อเพิ่มความแข็งแรงในการเดินและวิ่ง
2003,วิธีลดต้นขา ที่เห็นผลชัดเจนสุดของเพื่อน
2003,ออกกำลังกายยังไง ให้ต้นขาด้านในเล็กลง
2003,วิธีลดสะโพกกับต้นขาแล้วได้ผล
2003,ขอวิธีลดต้นขาแบบจริงจังเห็นผลจริงไม่ศัลยกรรม
2003,ขาใหญ่ ขามีแต่ไขมันอยากขาเรียว
2003,ต้นขาเผละ แนะนำท่าออกกำลังกาย
2003,อยากเลิกขาเบียด อยากมีช่องว่างระหว่างขาเยอะ ออกกำลังกาย
2003,อยากออกกำลังกายเน้นส่วนขา แนะนำท่าที่ดีให้
2003,อยากเพิ่มความแข็งของส่วนน่องขา แนะนำท่าออกกำลังกาย
2003,อยากให้ขากระชับ มีท่าที่ทำแล้วได้ผลเร็ว
2003,อยากอยากออกกำลังกายเน้นตรงส่วนต้นขาลงไป แนะนำ
2003,ท่าออกกำลังกายดี ที่จะช่วยส่งเสริมกลามเนื้อขาให้มีความแข็งแรงมากขึ้น
2003,อยากให้ขามีความทนทานแข็งแรงจะต้องออกกำลังกาย
2003,ท่าบริหารเพื่อเสริมสร้างกล้ามในส่วนของบริเวณขา
2003,ท่าบริหารกล้ามเนื้อหลังให้เสริมสร้างความแข็งแรงมีบ้าง
2003,อยากสร้างกล้ามเนื้อหลังให้แน่น ควรออกกำลังกาย
2003,การออกกำลังกายเพื่อลดน้ำหนักที่ส่วนหลัง
2003,การออกกำลังกายที่ช่วยปรับรูปร่างหลังให้ดูดีขึ้น
2003,วิธีการเพิ่มกล้ามเนื้อหลังอย่างเร็ว
2003,ท่าออกกำลังกายที่ช่วยสร้างให้หลังแข็งแรง
2003,ท่าบริหารหรือท่าออกกำลังกายที่จะช่วยให้หลังมีกล้ามเนื้อ
2003,อยากกล้ามเนื้อด้านหลังเพิ่มขึ้น ควรทำ
2003,อยากเพิ่มกล้ามเนื้อแถวสบักหลัง มีท่าออกกำลังที่เหมาะสม
2003,ท่าบริหารกล้ามเนื้อหลังให้ได้การยืดหยุ่นที่ดี
2003,ท่าบริหารกล้ามเนื้อหลังให้เสริมสร้างสมดุลของร่างกาย
2003,ปกติจำเป็นต้องใช้งานบริเวณอยากเพิ่มกล้านเนื้อเพื่อความทนทาน
2003,ไม่ค่อยได้ใช้กล้ามเนื้อหลังเลย กลัวว่าจะไม่แข็งแรง แนะนำการออกกำลังบริเวณนี้
2003,อยากมีกล้ามเล็กน้อยด้านหลัง ควรออกกำลังกาย
2003,อยากหลังแน่นเหมือนนักกีฬา ควรเริ่ม
2003,อยากเพิ่มความแข็งแรงทนทานให้กลับหลังด้วยการออกกำลังกาย
2003,อยากให้หลังมีกล้ามสวย แนะนำท่าที่ช่วยในเรื่องนี้
2003,การออกกำลังกายในช่วงอายุกลางคนเป็นการอย่างไรที่เหมาะสม
2003,อยากมีซิกแพคต้องเริ่มออกกำลังกาย
2003,แนะนำการออกกำลังกายที่ทำให้มีร่อง11
2003,จัดตารางการออกกำลังกายที่เน้นสร้างกล้ามเนื้อหน้าท้อง
2003,อยากเปลี่ยนพุงกลายเป็นกล้ามเนื้อ มีท่าออกกำลังกาย
2003,อยากได้วิธีออกกำลังกายลดพุงในบ้าน
2003,ลดพุง ห่วงรอบเอว ต้องออกกำลังกาย
2003,ท่าออกกำลังกายลดหน้าท้องส่วนล่าง ไม่ต้องใช้อุปกรณ์ ไม่ต้องเข้ายิม
2003,วิธีสร้างหน้าท้องเลข 11 เห็นผลเร็ว
2003,อยากมี six pack ไม่รู้จะเริ่มต้นตรงไหนดี
2003,อยากเพิ่มความแข็งแรงตรงหน้าท้อง
2003,อยากเริ่มสร้าง six pack ต้องเริ่มออกกำลังกาย
2003,อยากออกกำลังกายแบบเล่นหน้าท้องขอคำแนะนำดีหน่อย
2003,อยากมีหน้าท้องสวย จะต้องออกกำลังหรือบริหาร
2003,กล้ามหน้าท้องสร้าง
2003,อยากสร้างกล้ามเนื้อหน้าท้อง ช่วยแนะนำ
2003,บอกทีว่าจะสร้างกล้ามหน้าท้อง
2003,ท่าบริหารกล้ามเนื้อหน้าท้องเพื่อลดกล้ามเนื้ออุ้งเชิงกราม
2003,ท่าบริหารหน้าท้องที่ช่วยลดไขมันบริเวณท้องได้บ้าง
2003,วิธีการเลือกท่าออกกำลังกายเพื่อความกระชับของท้อง
2003,ท่าบริหารกล้ามเนื้อในส่วนล่างของลำตัวเพื่อความแข็งแรงในการยืน
2004,การออกกำลังกายที่เหมาะสมสำหรับคนที่มีปัญหาเข้าสนามในการทำกิจกรรมกีฬา
2004,มีท่าบริหารสุขภาพในบ้านที่แนะนำได้
2004,อยากออกกำลังกายที่บ้านง่าย ด้วยตัวคนเดียวอุปกรณ์ไม่เยอะ
2004,เดินทางไม่สะดวกอยากได้ท่าออกกำลังที่จะออกที่ไหนก็ได้
2004,พื้นที่มีจำกัดท่าออกกำลังที่สามารถทำ
2004,เดินทางบ่อยต้องออกไปที่อื่นตลอดเวลาอยากได้ท่าออกกำลังกายที่ทำที่ไหนก็ได้
2004,ทำงานหนักไม่ค่อยมีเวลาไปฟิตเนสแนะนำท่าออกกำลังกายง่าย
2004,ไม่ค่อยว่างไปออกกำลังกายแต่อยากออกมีท่าออกกำลังกายที่แนะนำ
2004,แนะนำท่าออกกำลังกายที่บ้าน แต่บ้านรกมีพื้นที่นิดเดียว
2004,ท่าบริหารร่างกายสำหรับคนที่ไม่ว่างไปออกกำลังกายข้างนอก
2004,ท่าบริหารร่างกายที่สามารถทำที่ไหนก็ได้โดยไม่ต้องใช้อุปกรณ์มาก
2004,ไม่อยากไปสนามกีฬาควรออกกำลังกายแบบ
2004,ไม่ชอบไปฟิตเนส แต่ต้องการบริหารร่างกายต้องทำแบบ
2004,ในแต่ละวันต้องออกกำลังแบบที่จะทำให้ร่างแข็งแรง โดยสามารถทำเองที่บ้าน
2004,มาต่างจังหวัดไม่มีฟิตเนสแถวบ้าน มีท่าออกกำลังที่แนะนำ
2004,ท่าออกกำลังกายง่าย ที่ไม่ต้องใช้อุปกรณ์เยอะ
2004,การออกกำลังโดยมีข้อจำกัดด้านสถานที่
2004,มีข้อจำกัดด้านอุปกรณ์ ขอท่าออกกำลังกายที่แนะนำ
2004,ช่วงโควิดแบบนี้ แนะนำการออกกำลังที่บ้านให้หน่อย
2004,วิธีการรักษาการตั้งแผนออกกำลังกายในช่วงเวลาที่ไม่มีเวลาว่าง
2004,วิธีออกกำลังกายง่ายด้วยตัวเอง
2004,ท่าบริหารร่างกายง่ายที่ทำที่ไหนก็ได้
2004,ออกกำลังกายแบบมีข้อจำกัด
2004,อยากได้ท่าที่ทำให้การออกกำลังกายหรือบริหารร่างกายสามารถทำได้ทุกที่
2004,บ้านไม่มีพื้นที่ออกกำลังกาย จะทำ
2004,บ้านแคบอยากออกกำลัง
2004,พื้้นที่น้อยอยากบริหารร่างกาย
2004,เดินทางบ่อยไม่ได้ไปฟิตเนสอยากกายออกกำลังกาย
2004,ต้องการบริหารร่างกายอยู่บ้าน
2004,จะออกกำลังกายไม่มีอุปกรณ์
2005,การออกกำลังกายที่เหมาะสมสำหรับคนที่มีเบาหวาน
2005,วิธีออกกำลังกาย และข้อควรระวัง สำหรับคนเป็นเบาหวาน
2005,การออกกำลังการที่เหมาะกับผู้ที่เป็นโรคเบาหวานบ้าง
2005,ออกกำลังกายเพื่อลดปริมาณน้ำตาลในเลือดสำหรับผู้ป่วยเบาหวาน
2005,ขอคำแนะนำการออกกำลังกายในผู้ป่วยเบาหวาน
2005,เป็นเบาหวานชนิดที่ต้องฉีดอินซูลิน ควรออกกำลังกาย
2005,เป็นเบาหวานอยากออกกำลังกายเพื่อความแข็งแรง ช่วยแนะนำการออกกำลังกายที่คนเป็นเบาหวานสามารถทำได้
2005,ขอท่าบริหารร่างกายของคนที่มีโรคประจำตัวเป็นเบาหวาน
2005,เป็นคนเป็นโรคเบาหวานร่างกายก็ไม่แข็งแรงอยากออกกำลังกายเพิ่ม
2005,ช่วงนี้อยากออกกำลังกาย มีคำแนะนำสำหรับคนป่วยเป็นเบาหวาน
2005,อยากบริหารร่างกายให้แข็งแรง แต่เป็นเบาหวาน
2005,อยากออกกำลังกายจะได้หายป่วยเบาหวาน
2005,อยากให้อาการป่วยเบาหวานดีขึ้น แนะนำการออกกำลังกาย
2005,บอกวิธีออกกำลังกายสำหรับคนเป็นเบาหวาน
2005,รู้วิธีบริหารร่างกายของผู้ป่วยเบาหวานไหม
2005,คนป่วยเป็นเบาหวานจะบริหารร่างกาย
2005,เป็นเบาหวานออกกำลังกายให้ได้ประสิทธิภาพ
2006,ท่าออกกำลังกายสำหรับการบรรเทาอาการปวดเข่า
2006,ปัจจุบันมีอาการปวดเข่าบ่อยเวลาออกกำลังกาย ช่วยแนะนำท่าที่ไม่ค่อยใช้บริเวณเข่า
2006,มีปัญหาที่หัวเข่า แต่อยากฟิตร่างกาย สามารถทำท่าบริหาร
2006,ปวดเข่า ออกกำลังกายด้วยวิธี
2006,ข้อเข่าเสื่อม ออกกำลังกาย ด้วยวิธี ต้องการลดน้ำหนักตัวด้วย
2006,ช่วงนี้ออกกำลังแล้วปวดเข่า อยากได้ท่าที่ไม่ทำให้ปวดเข่า
2006,แนะนำท่าบริหารที่ไม่ไปกระทบกับบริเวณเข่านัก
2006,ท่าออกกำลังกายในผู้ป่วยข้อเข่าเสื่อม
2006,มีปัญหาเข่า ออกกำลังกายหนักบริเวณเข่าไม่ได้ แต่ต้องการลดน้ำหนัก
2006,น้ำหนักตัวเยอะ วิ่งแล้วปวดเข่า ควรบริหารร่างกาย
2006,รู้สึกปวดเข่าแต่ยังอยากดูแลสุภาพให้แข็งแรงด้วยการออกกำลังกายอยู่ แนะนำวิธี
2006,เข่าไม่ค่อยดี มีปัญหาทุกครั้งที่วิ่ง แนะนำท่าบริหารแบบอื่นที่เหมาะสมหน่อย
2006,ปวดหัวเข่ามาก ๆ เวลาออกกำลังแบบกระโดด ช่วยหาวิธีออกกำลังกายที่ดีและช่วยลดน้ำหนัก
2006,มีปัญหากับการเจ็บเข่าเพรราะออกกำลังไม่เหมาะสม ฉันควรจะออกกำลังกายประเภท
2006,การบริหารเพิ่มกล้ามเนื้อ สำหรับผู้มีปัญหาเรื่องหัวเข่า
2006,เข่าไม่ดีมีอาการปวดง่าย อยากบริหารร่างกาย
2006,ท่าบริหารร่างกายสำหรับผู้มีปัญหาเกี่ยวกับเข่า
2006,ผู้มีอาการเจ็บเข่าสามารถบริหารร่างกาย
2006,ท่าออกกำลังกายสำหรับการบรรเทาอาการปวดคอปวดไหล่
2006,ปวดคอมากต้องทำท่าบริหารที่ทำช่วยบรรเทาอาการปวด
2006,รู้สึกเจ็บไหล่เพราะสะพายกระเป๋าหนักทุกวัน ขอท่าบริหารที่ช่วยในเรื่องนี้หน่อย
2006,เมื่อยไหล่เมื่อยคอมาก อยากขอคำแนะนำในการออกกำลังที่ทำให้บริเวณนี้ดีขึ้นหน่อย
2006,คอบ่าไหล่ตึงมาก ขอท่าบริหารที่ช่วยยืดกล้ามเนื้อคอบ่าไหร่ที
2006,ปวดบ่าจะต้องบริหารหรืออกกำลังกายอย่างไร
2006,รู้สึกเมื่อยไหล่ตลอดเวลา ขอวิธีแก้หน่อย
2006,ปวดไหล่มากเพราะนั่งทำงานหน้าคอมตลอดเวลา จะต้องออกกำลังกายส่วนนี้
2006,ควรทำกิจกรรมชนิดใดที่เหมาะสมสำหรับบริหารคอบ่าไหล
2006,ขอท่ายืดกล้ามเนื้อไหล่เพื่อคลายกล้ามเนื้อลดความเมื่อยล้า
2006,มีท่าบริหารรึท่าออกกำลังกายที่ช่วยแก้อาการปวดต้นคอและบ่า
2006,เป็นออฟฟิศซินโดรมควรออกกำลังกายแบบ
2006,การยืดกล้ามเนื้อและเพิ่มความแข็งแรงในผู้ที่มีอาการปวดคอและบ่า
2006,ปวดคอค่ไม่หายสักทีขอคำแนะนำด้วย
2006,ตึงไหล่ ตึงคอ ปวดสะบัก ขอท่าบริหารเพื่อบรรเทาอาการ
2006,ปวดคอ ปวดหลัง จาก office syndrome ขอท่าออกกำลังเพื่อช่วยบำบัด
2006,คนมีปัญหาปวดบ่า ไหล่ สะบัก จะสามารถออกกำลังกาย
2006,ปวดล้าบริเวณต้นคออยู่เป็นประจำ แนะนำการจัดตารางกายออกกำลังเพื่อช่วยบรรเทาอาการปวด
2006,ท่าออกกำลังกายสำหรับการบรรเทาอาการปวดไหล่
2006,มีท่าออกกำลังกายสำหรับคนที่มีปัญหาหลังเส้นคอ
2006,ท่าออกกำลังกายสำหรับการบรรเทาอาการปวดหลัง
2006,ปวดหลังมาก ต้องการท่าออกกกำลังกาย
2006,ท่าบริหารช่วยอาการปวดหลัง
2006,วิธีแก้ปวดหลังเด็ดๆ
2006,ท่าบริหารสุดปัง แก้ปวดหลัง
2006,การออกกำลังกายเพื่อลดอาการปวดหลัง
2006,ปวดหลังบ่อยอยากได้วิธีแก้ด้วยการบริหารร่างกาย
2006,วิธีการบรรเทาอาการปวดหลังด้วยการออกกำลังกาย
2006,การออกกำลังกายเพื่อช่วยแก้ปัญหาปวดหลัง
2006,วิธีลดอาการปวดบริเวณหลังด้วยการออกกำลังกาย
2006,มีท่าออกกำลังที่เหมาะสมต่อการแก้ไขปัญหาตรงนี้
2006,ท่าบริหารที่ช่วยแก้ปัญหาปวดหลังอย่างมีประสิทธิภาพ
2006,ต้องนั่งทำงานเป็นเวลานานทำให้เกิดอาการปวดหลัง แนะนำวิธีการบรรเทาด้วยการออกกำลัง
2006,การออกกำลังกายที่ทำให้อาการปวดหลังน้อยลง
2006,มีท่ายืดตัวไหนที่ช่วยลดอการปวดที่หลังได้
2006,ช่วงหลังมานี้ปวดหลังมาก วิธีท่าไหนที่น่าสนใจที่ช่วยในเรื่องนี้
2006,อยากได้วิธีที่ทำให้อาการปวดหลังน้อย อาจจะเป็นท่าออกกำลังหรือท่าบริหารร่างกาย
2006,การบริหารร่างอย่างง่ายที่แก้การปวดหลัง
2007,เเนะนำการออกกำลังกายที่เหมาะสมสำหรับผู้ที่เพิ่งเริ่มต้น
2007,ช่วยออกแบบแผนออกกำลังกายให้หน่อย
2007,วิธีการเพิ่มความต้านทานในร่างกายด้วยการออกกำลังกาย
2007,เวลาทำอะไรต่าง รู้สึกเหนื่อยง่ายมาก อยากให้ร่างกายมีความทนทานกว่านี้ต้องออกกำลังกาย
2007,อยากให้ร่างกายอึดกว่านี้ควรทำยัง
2007,แนะนำวิธีเพิ่มความทนทานของกล้ามเนื้อให้หน่อย
2007,แนะนำการที่ทำให้ร่างกายไม่เหนื่อยง่าย
2007,ต้องการให้ร่างกายสามารถทนได้นาน โดยที่ไม่เหนื่อยง่าย
2007,เป็นคนที่ไม่สามารถทำกิจกรรมหนักได้เพราะร่างกายไม่มีความอดทน แนะนำวิธีแก้
2007,อยากออกกำลังกายเพื่อให้ร่างกายแข็งแรง
2007,มือใหม่สำหรับการออกกำลังกาย แนะนำ
2007,อยากออกกำลังกาย
2007,แนะนำท่าบริหารร่างกายที่ทำแล้ว จะช่วยให้ไม่เหนื่อยง่าย
2007,เริ่มออกกำลังควรจะทำ มีท่าออกกำลังที่แนะนำ
2007,อยากให้ช่วยคิดการออกกำลังกายหรือบริหารร่างกายสำหรับคนที่เพิ่งเริ่ม
2007,แนะนำการออกกำลังทั่วไปให้หน่อย สำหรับใช้ในชีวิตประจำวัน
2007,การออกกำลังที่เหมาะสมกับการออกแบบธรรมดา
2012,ท่าออกกำลังกายที่ช่วยให้ความผ่อนคลายหลังการทำงานยาว ๆ 
2012,วิธีการเลือกท่าออกกำลังกายสำหรับการฟื้นฟูหลังการทำงานกายภาพ
2012,ท่าออกกำลังกายที่เหมาะสมสำหรับคนที่ทำงานในสำนักงานนาน ๆ
2012,เมื่อยเนื้อเมื่อยตัวขอท่าที่ช่วยแก้อาการนี้
2012,รูู้สึกล้าจากการการทำงานหนักเป็นเวลานานแนะนำท่าผ่อนคลายกล้ามเนื้อ
2012,ท่าที่ช่วยผ่อนคลายร่างกายซึ่งมีอาการปวดเนื้อปวดตัว
2012,นั่งนาน ๆ รู้สึกปวดเมื่อยล้า ควรทำ
2012,ท่าที่ช่วยให้กล้ามเนื้อได้คลายตัว
2012,มีท่าที่ช่วยคลายเส้น รู้สึกเหนื่อยล้าไปทั้งตัว
2012,รู้สึกร่างกายเหนื่อยล้ากล้ามเนื้อตึงมีท่าบริหารร่างกายที่ช่วยผ่อนคลาย
2012,ท่าที่ยืดหยุ่นร่างกายที่ทำให้รู้สึกสบายตัว
2012,ท่าที่ช่วยคลายกล้ามเนื้อบรรเทาอาการเหนื่อยล้า
2015,วิธีการเพิ่มความยืดหยุ่นของร่างกาย
2015,ขอท่าบริหารร่างกายหลังจากออกกำลังกาย
2015,วอร์มอัพร่างกายก่อนหลังเริ่มออกกำลังกายจริง
2015,ท่าคลายกล้ามเนื้อเพื่อป้องกันการบาดเจ็บ
2015,เพิ่งไปวิ่งมา ควรคลายกล้ามเนื้อด้วยท่า
2015,ท่าที่ช่วยเพิ่มความยืดหยุ่นให้ร่างกายอย่างมีประสิทธิภาพและสามารถทำได้เอง
2015,ท่ายืดเส้นที่จำง่าย มีท่า
2015,ร่างกายไม่ยืดหยุ่น ตัวแข็งมาก มีวิธีทำให้ยืดหยุ่นขึ้น
2015,ขอคำแนะนำเกี่ยวกับท่ายืดเส้นยืดสาย
2015,อยากให้ร่างกายยืดหยุ่นกว่านี้ ขอคำแนะนำ
2015,แนะนำท่ายืดเหยียดกล้ามเนื้อให้ พอดีเริ่มออกกำลังกายแล้วค่อนข้างปวดตัว
2015,การอบอุ่นร่างกาย และยืดกล้ามเนื้อ ทั้งก่อน และหลัง การออกกำลังกาย
2015,แนะนำการยืดเหยียดร่างกายที่ดีและเหมาะสม
2015,อยากให้ร่างกายมีความยืดหยุ่นกว่านี้ 
2015,ท่าบริหารร่างกายที่จะช่วยให้ร่างกายมีความอ่อนตัวมากขึ้น
2015,อยากเป็นคนตัวอ่อนรบกวนช่วยแนะนำ
2015,ท่าบริหารที่ทำให้สูงขึ้น
2016,วิธีการเลือกท่าออกกำลังกายสำหรับผู้สูงอายุเพื่อสุขภาพที่ดี
2016,ช่วยแนะนำวิธีออกกำลัง ลดน้ำหนักของผู้สูงอายุ
2016,คนแก่อายุ อยากมีกล้ามเนื้อ เข้าฟิตเนส เริ่มยังไง
2016,ช่วยแนะนำท่าออกกำลังกายที่เหมาะสำหรับผู้สูงอายุ
2016,อายุเยอะแล้วอยากออกกำลังที่ไม่หนักมาก ควรออก
2016,เป็นคนสูงวัยที่อยากให้ร่างกายแข็งแรง
2016,อายุ เริ่มแก่แล้วอยากออกกำลังเพื่อให้ร่างกายกระฉับกระเฉงช่วยแนะนำหน่อย
2016,เริ่มชราขึ้นทุกวันแต่ยังออกกำลังกายเล็ก ๆ น้อย ๆ ไหว อยากให้ช่วยแนะนำหน่อย
2016,พอแก่ชราร่างกายก็เริ่มอ่อนแอเจ็บป่วยง่ายมีท่าบริหารร่างกายที่ช่วยเพิ่มภูมิคุ้มกันร่างกายไหม
2016,คนแก่ชราวัยสามารถออกกำลังกาย
2016,แก่เฒ่าแล้วเริ่มออกกำลังกายหนัก ๆ ไม่ไหว พอจะการออกกำลังที่เหมาะกับคนแก่
2016,คนแก่คนเฒ่าที่ร่างกายเริ่มไม่แข็งแรงสามารถออกกำลังได้อย่างไร
2016,เป็นที่อายุมากแล้วอยากออกกำลังกายช่วยแนะนำ
2016,เป็นผู้เฒ่าที่เชื่อว่าถ้าเรากำลังกายจะแก่ช้า ช่วยแนะนำท่าบริหาร
2016,อายุไม่น้อยแล้ว ร่างกายก็เริ่มโรยราอยากได้ท่าบริหารร่างกายที่ช่วยให้กระฉับกระเฉง
2016,อยากบริหารร่างกายให้แข็งแรงอยู่เสมอแม้ว่าจะพ้นวัยผู้ใหญ่มาแล้ว ช่วยแนะนำ
2017,วิธีการป้องกันการบาดเจ็บในการออกกำลังกาย
2017,วิธีการป้องกันการบาดเจ็บระหว่างการออกกำลังกาย
2017,แนะนำการเตรียมตัวก่อนออกกำลังกายเพื่อลดโอกาสการเกิดอุบัติเหตุ
2017,อุปกรณ์ช่วยเหลือที่ควรมีเพื่อป้องกันการบาดเจ็บ
2017,ข้อควรรู้ที่จำเป็นต้องทราบเพื่อไม่ให้เกิดการบาดเจ็บระหว่างการออกกำลัง
2017,คำแนะนำเพื่อลดการเกิดอุบัติเหตุระหว่างการออกกำลังกาย
2017,ข้อปฏิบัติที่เหมาะสมเพื่อไม่ให้ร่างกายได้รับการบาดเจ็บ
2017,ของที่ควรมีไว้เพื่อปฐมพยาบาลถ้าต้องไปออกกำลังกายคนเดียว
2017,วิธีปกป้องบริเวณส่วนต่าง ในร่างกายขณะเพื่อไม่ให้เกิดอาการบาดเจ็บ
2017,ถ้าไม่อยากให้เจ็บตัวเพราะการบริหารร่างกาย มีข้อควรปฏิบัติตน
2017,อุปกรณ์ที่ซัพพอร์ตป้องกันการบาดเจ็บ
2017,อุปกรณ์ซัพพอร์ตร่างกายเพื่อลดความรุนแรงหากเกิดอุบัติเหตุ
2017,อุปกรณ์เซฟตี้ที่ควรพวกติดตัวระหว่างการออกกำลังกาย
2017,อุปกรณ์ป้องกันอันตรายที่ช่วยปกป้องตัวเราหากเกิดเหตุไม่คาดคิดอย่าง เช่น จักรยานล้ม
2017,วิธีปฏิบัติหากเกิดเหตุการณ์ไม่คาดฝันระหว่างการออกกำลัง
2017,จะต้องเตรียมตัว ก่อนไปออกกำลังกายหรือบริหารร่างกาย
2017,อยากให้แนะนำวิธีการออกกำลังกายที่ทำให้เสี่ยงบาดเจ็บน้อยที่สุด
2001,การวางแผนการฝึกออกกำลังกายสำหรับการเพิ่มความสูง
2001,ทำยังไงให้สูง
2001,อยากสูงออกกำลังกายยังไง
2001,ต้องออกกำลังถึงจะทำให้ส่วนสูงเพิ่มขึ้น
2001,อยากเป็นคนสูงต้องออกกำลังกาย
2001,การออกกำลังกายที่เหมาะสมต่อการเพิ่มส่วนสูง
2001,ต้องการให้ลูกสูงต้องวางแผนอย่างไร
2001,วางแผนการออกกำลังกายที่ทำให้ร่างกายสูงโปร่งให้ที
2001,สามารถเพิ่มความสูงด้วยการออกกำลังกายอย่างไร
2001,ต้องการวางแผนเพื่อเพิ่มความสูง
2001,ตอนนี้เตี้ยอยากสูงกว่านี้ต้องทำยังไง
2001,ตอนนี้ยังสูงไม่พออยากสูงกว่านี้ออกกำลังกายยังไงดี
2001,ตอนนี้รู้สึกว่าเตี้ยไปอยากเพิ่มส่วนสูงควรออกกำลังกาย
2001,ไม่อยากให้ลูกเตี้ยจัดตารางออกกำลังกาย
2001,จัดตารางการออกกำลังให้ทีที่สามารถทำให้ความสูงเพิ่มขึ้นได้
2001,ปัจจุบันเป็นลูกมีส่วนสูงต่ำกว่าเกณฑ์ ควรจัดการออกกำลังกาย
2001,เป็นคนที่สูงน้อยกว่าคนอื่นมาก อยากเพิ่มส่วนสูง ออกกำลังยังไงให้สูงขึ้นบ้าง
2001,ตอนนี้เตี้ยกว่าคนรอบตัวจัดตารางการออกกำลังที่ทำให้สูงขึ้น
2001,อยากสูงเร็วต้องออกกำลังกาย
2001,ถ้าจะสูงกว่านี้ทำยังไง
2001,อยากสูงไว ควรทำ บ้าง
2001,ไม่อยากเตี้ยอีกต่อไป ทางแก้ไข
2001,จะต้องสูงกว่านี้ให้ได้
2001,วิธีทำให้ส่วนสูงเพิ่มมากขึ้น
2001,มีการออกกำลังกายแบบที่ช่วยเพิ่มส่วนสูงได้
2001,วิธีการออกกำลังกายสำหรับผู้ใหญ่ที่ต้องการเพิ่มส่วนสูง
2001,ไม่อยากเตี้ยจัดการยังไงดี
2001,จะทำให้ความสูงเพิ่มขึ้นไม่อยากเตี้ย
2001,เพิ่มส่วนมีทางไหนที่ช่วยได้บ้าง
2001,ต้องการให้ส่วนสูงมีมากขึ้นต้องทำ
2001,วิธีการบริหารร่างกายเพื่อเพิ่มความสูงให้มากขึ้น
2002,การวางแผนการออกกำลังกายสำหรับการลดน้ำหนักในช่วงเวลาสั้นๆ มีเคล็ดลับบ้าง
2002,วิธีการเลือกท่าออกกำลังกายสำหรับการผอมลงเพื่อรักษาน้ำหนัก
2002,แนะนำการออกกำลังกายที่ทำให้น้ำหนักลดเร็ว
2002,จะออกกำลังกายยังไง ให้ร่างกายเบิร์นไขมันออกจากร่างกายเยอะ
2002,อยากผอมไว จะต้องจัดแผนการออกกำลังกายประมาณไหนดี
2002,ไม่ผอมสักทีน้ำหนักก็เกินกว่าเกณฑ์ มีวิธีไหนที่ช่วยให้น้ำหนักลดลงบ้าง
2002,ตอนนี้ท้วมอยากออกกำลังเพื่อจะได้ผอมเหมือนเดิม ช่วยแนะนำหน่อย
2002,ท่าออกกำลังกายที่ช่วยลดไขมันทั้งตัวสำหรับคนท้วม
2002,คุมอาหารก็แล้วน้ำหนักก็ไม่ได้ลดไปขนาดนั้น ถ้าต้องออกกำลังกายช่วยต้องออกกำลังกาย
2002,ช่วงนี้รู้สึกเหมือนร่างกายขยายออกด้านข้าง แนะนำการจัดตารางการออกกำลังเพื่อลดน้ำหนัก
2002,รูปร่างใหญขึ้นอยากลดความอ้วน
2002,ตัวขยายน้ำหนักมากขึ้น
2002,อยากผอมมีทางที่ทำให้ผอมไว
2002,มีทางที่ช่วยให้น้ำหนักลด
2002,อยากรักษารูปร่างให้ดี ไม่ให้น้ำหนักเพิ่ม
2002,มีทางที่จะช่วยลดไขมันส่วนเกิน
2002,วิธีกำจัดไขมันส่วนเกิน
2002,หาทางที่จะทำให้ไขมันส่วนเกินหมดไป
2002,ลดน้ำหนักต้องลดด้วยการออกกำลัง
2002,อยากลดความอ้วนแต่ไม่รู้ว่าควรทำ
2002,ออกกำลังกายไงก็ไม่ลด อยากขอวิธีออกกำลังที่ทำให้คนน้ำหนักลดยากสามารถลดน้ำหนักได้ผล
2002,อยากลดน้ำหนักแต่เป็นอ้วนมากมักเจ็บข้อเท้าเวลาทำตามคลิปทั่วไป มีท่าออกกำลังกายแนะนำไหม
2002,อยากลดความอ้วน ขอการออกกำลังกายที่เหมาะสมหน่อย
2002,ในช่วยที่กำลังไดเอทอยากออกกำลังควบคูกับกับการคุมอาหาร ต้องออกกำลังยังไง
2002,ลดความอ้วนต้องลดด้วยการออกกำลังกาย
2002,อยากไดเอทมาก จัดตารางการออกกำลังยังไงให้ผอมเร็ว ๆ
2002,ค่า BMI สูงกว่าเกณฑ์จะต้องออกกำลังกายให้มันกลับมาเป็นสมส่วน
2002,BMI สูงมากต้องการตารางการออกกำลังกายด่วน เพื่อให้มันลดลงมา
2002,ท่าบริหารกล้ามเนื้อแบบคาร์ดิโอที่เหมาะสมสำหรับผู้ที่ต้องการลดน้ำหนัก
2002,อยากทราบวิธีการเพิ่มกล้ามเนื้อและลดไขมัน
2003,ท่าบริหารกล้ามเนื้อแขนให้มีความแข็งแรงและสมดุล
2003,ท่าบริหารกล้ามเนื้อแขนให้เสริมสร้างความแข็งแรงและรูปร่างที่สวยงาม
2003,อยากเพิ่มกล้ามเนื้อแขนต้องออกกำลังกายท่า
2003,ต้นแขนไม่ค่อยมีกล้ามเนื้อมีแต่ไขมันต้องออกกำลังกาย
2003,ต้นลดไขมันต้นแขน แนะนำการออกกำลังกาบริเวณแขน
2003,แขนใหญ่ออกกำลังกาย ให้แขนเล็กลง
2003,อยากออกกำลังกายโดยเน้นส่วนแขน
2003,ปัญหาหลักคือต้นแขนย้วยไม่กระชับ แนะนำการจัดตาราง
2003,เราสามารถสร้างเสริมความแข็งบริเวณแขนด้วยการออกกำลังกาย
2003,อยากลดเนื้อบริเวณแขนต้องบริหารยังไง
2003,ช่วยแนะนำท่าออกกำลังกายที่ช่วยลดเนื้อตรงแขนเร็ว
2003,รู้สึกไม่มั่นใจอยากทำให้แขนลดลง
2003,แขนไม่ค่อยมีแรงอยากได้วิธีที่เพิ่มความทนทานของแขน
2003,เมื่อยแขนง่ายโดยเฉพาะต้นแขนขอวิธีแก้
2003,อยากเน้นแขนให้มีความอดทน จะต้องออกกำลังกาย
2003,แขนช่วงล่างใหญ่ออกกำลังกายช่วยลดเร็ว
2003,แนะนำการจัดตารางการออกกำลังกายที่ทำให้แขนเล็ก
2003,อยากแขนเล็กลง
2003,เนื้อแขนเยอะมาก ต้องลด
2003,มีปัญหากับไขมันละความย้วยที่แขน อยากได้วิธีจัดการ
2003,ท่าบริหารกล้ามเนื้อต้นแขนเพื่อความกระชับและความแข็งแรง
2003,ท่าออกกำลังกายสำหรับการเพิ่มความแข็งแรงของกล้ามเนื้อแขน
2003,วิธีการเลือกท่าออกกำลังกายเพื่อเสริมกล้ามเนื้อในส่วนแขน
2003,ท่าบริหารกล้ามเนื้อหน้าอกเพื่อความแข็งแรงและกำหนดรูปร่าง
2003,ท่าบริหารกล้ามเนื้อส่วนบนของลำตัวเพื่อความสมดุลและรูปร่างที่ดี
2003,กล้ามเนื้อหน้าอกสามารถเพิ่มได้
2003,ท่าบรืหารกล้ามเนื้อหน้าอกเพื่อเพิ่มความแข็งแรงของหน้าอก
2003,ต้องการสร้างกล้ามเนื้อหน้าอกให้มีความแข็งมากกว่านี้ ช่วยแนะนำ
2003,อยากออกกำลังกายเน้นส่วนหน้าอก มีท่าบริหารที่แนะนำ
2003,การฝึกกล้ามเนื้อหน้าอกเพื่อเพิ่มประสิทธิภาพในการลดไขมัน
2003,ท่าบริหารกล้ามเนื้อหน้าอกเพื่อการเข้าใจและควบคุมความสมดุล
2003,การฝึกกล้ามเนื้อหน้าอกเพื่อเพิ่มความแข็งแรงและมีรูปร่างที่ดี
2003,ท่าที่ช่วยเน้นบริเวณกล้ามอกให้มีการออกกำลัง
2003,อยากได้กล้ามหน้าอกเพิ่มเพิ่มควรมีแพลนการออกกำลังกาย
2003,อยากมีกล้ามหน้าอกสวย มีแนวทางการออกกำลังกาย
2003,การออกกำลังที่สามารถเพิ่มกล้ามเนื้อบริเวณหน้าอกได้อย่างมีประสิทธิภาพ
2003,แนะนำท่าบริหารที่จะช่วยเสริมสร้างบริเวณหน้าอก
2003,สร้างกล้ามเนื้อหน้าให้มีขนาดใหญ่มากขึ้น
2003,ท่าบริหารที่ช่วยทำให้กล้ามเนื้อหน้าอกแข็งแรง และทนทาน
2003,อยากสร้างความแข็งแรงส่วนหน้าควรออกกำลังกาย
2003,ท่าบริหารกล้ามเนื้อเชิงกล้ามใหญ่ในขาที่ดีสำหรับนักกีฬา
2003,ท่าบริหารกล้ามเนื้อขาเพื่อเพิ่มความแข็งแรงในการเดินและวิ่ง
2003,วิธีลดต้นขา ที่เห็นผลชัดเจนสุดของเพื่อน
2003,ออกกำลังกายยังไง ให้ต้นขาด้านในเล็กลง
2003,วิธีลดสะโพกกับต้นขาแล้วได้ผล
2003,ขอวิธีลดต้นขาแบบจริงจังเห็นผลจริงไม่ศัลยกรรม
2003,ขาใหญ่ ขามีแต่ไขมันอยากขาเรียว
2003,ต้นขาเผละ แนะนำท่าออกกำลังกาย
2003,อยากเลิกขาเบียด อยากมีช่องว่างระหว่างขาเยอะ ออกกำลังกาย
2003,อยากออกกำลังกายเน้นส่วนขา แนะนำท่าที่ดีให้
2003,อยากเพิ่มความแข็งของส่วนน่องขา แนะนำท่าออกกำลังกาย
2003,อยากให้ขากระชับ มีท่าที่ทำแล้วได้ผลเร็ว
2003,อยากอยากออกกำลังกายเน้นตรงส่วนต้นขาลงไป แนะนำ
2003,ท่าออกกำลังกายดี ที่จะช่วยส่งเสริมกลามเนื้อขาให้มีความแข็งแรงมากขึ้น
2003,อยากให้ขามีความทนทานแข็งแรงจะต้องออกกำลังกาย
2003,ท่าบริหารเพื่อเสริมสร้างกล้ามในส่วนของบริเวณขา
2003,ท่าบริหารกล้ามเนื้อหลังให้เสริมสร้างความแข็งแรงมีบ้าง
2003,อยากสร้างกล้ามเนื้อหลังให้แน่น ควรออกกำลังกาย
2003,การออกกำลังกายเพื่อลดน้ำหนักที่ส่วนหลัง
2003,การออกกำลังกายที่ช่วยปรับรูปร่างหลังให้ดูดีขึ้น
2003,วิธีการเพิ่มกล้ามเนื้อหลังอย่างเร็ว
2003,ท่าออกกำลังกายที่ช่วยสร้างให้หลังแข็งแรง
2003,ท่าบริหารหรือท่าออกกำลังกายที่จะช่วยให้หลังมีกล้ามเนื้อ
2003,อยากกล้ามเนื้อด้านหลังเพิ่มขึ้น ควรทำ
2003,อยากเพิ่มกล้ามเนื้อแถวสบักหลัง มีท่าออกกำลังที่เหมาะสม
2003,ท่าบริหารกล้ามเนื้อหลังให้ได้การยืดหยุ่นที่ดี
2003,ท่าบริหารกล้ามเนื้อหลังให้เสริมสร้างสมดุลของร่างกาย
2003,ปกติจำเป็นต้องใช้งานบริเวณอยากเพิ่มกล้านเนื้อเพื่อความทนทาน
2003,ไม่ค่อยได้ใช้กล้ามเนื้อหลังเลย กลัวว่าจะไม่แข็งแรง แนะนำการออกกำลังบริเวณนี้
2003,อยากมีกล้ามเล็กน้อยด้านหลัง ควรออกกำลังกาย
2003,อยากหลังแน่นเหมือนนักกีฬา ควรเริ่ม
2003,อยากเพิ่มความแข็งแรงทนทานให้กลับหลังด้วยการออกกำลังกาย
2003,อยากให้หลังมีกล้ามสวย แนะนำท่าที่ช่วยในเรื่องนี้
2003,การออกกำลังกายในช่วงอายุกลางคนเป็นการอย่างไรที่เหมาะสม
2003,อยากมีซิกแพคต้องเริ่มออกกำลังกาย
2003,แนะนำการออกกำลังกายที่ทำให้มีร่อง11
2003,จัดตารางการออกกำลังกายที่เน้นสร้างกล้ามเนื้อหน้าท้อง
2003,อยากเปลี่ยนพุงกลายเป็นกล้ามเนื้อ มีท่าออกกำลังกาย
2003,อยากได้วิธีออกกำลังกายลดพุงในบ้าน
2003,ลดพุง ห่วงรอบเอว ต้องออกกำลังกาย
2003,ท่าออกกำลังกายลดหน้าท้องส่วนล่าง ไม่ต้องใช้อุปกรณ์ ไม่ต้องเข้ายิม
2003,วิธีสร้างหน้าท้องเลข 11 เห็นผลเร็ว
2003,อยากมี six pack ไม่รู้จะเริ่มต้นตรงไหนดี
2003,อยากเพิ่มความแข็งแรงตรงหน้าท้อง
2003,อยากเริ่มสร้าง six pack ต้องเริ่มออกกำลังกาย
2003,อยากออกกำลังกายแบบเล่นหน้าท้องขอคำแนะนำดีหน่อย
2003,อยากมีหน้าท้องสวย จะต้องออกกำลังหรือบริหาร
2003,กล้ามหน้าท้องสร้าง
2003,อยากสร้างกล้ามเนื้อหน้าท้อง ช่วยแนะนำ
2003,บอกทีว่าจะสร้างกล้ามหน้าท้อง
2003,ท่าบริหารกล้ามเนื้อหน้าท้องเพื่อลดกล้ามเนื้ออุ้งเชิงกราม
2003,ท่าบริหารหน้าท้องที่ช่วยลดไขมันบริเวณท้องได้บ้าง
2003,วิธีการเลือกท่าออกกำลังกายเพื่อความกระชับของท้อง
2003,ท่าบริหารกล้ามเนื้อในส่วนล่างของลำตัวเพื่อความแข็งแรงในการยืน
2004,การออกกำลังกายที่เหมาะสมสำหรับคนที่มีปัญหาเข้าสนามในการทำกิจกรรมกีฬา
2004,มีท่าบริหารสุขภาพในบ้านที่แนะนำได้
2004,อยากออกกำลังกายที่บ้านง่าย ด้วยตัวคนเดียวอุปกรณ์ไม่เยอะ
2004,เดินทางไม่สะดวกอยากได้ท่าออกกำลังที่จะออกที่ไหนก็ได้
2004,พื้นที่มีจำกัดท่าออกกำลังที่สามารถทำ
2004,เดินทางบ่อยต้องออกไปที่อื่นตลอดเวลาอยากได้ท่าออกกำลังกายที่ทำที่ไหนก็ได้
2004,ทำงานหนักไม่ค่อยมีเวลาไปฟิตเนสแนะนำท่าออกกำลังกายง่าย
2004,ไม่ค่อยว่างไปออกกำลังกายแต่อยากออกมีท่าออกกำลังกายที่แนะนำ
2004,แนะนำท่าออกกำลังกายที่บ้าน แต่บ้านรกมีพื้นที่นิดเดียว
2004,ท่าบริหารร่างกายสำหรับคนที่ไม่ว่างไปออกกำลังกายข้างนอก
2004,ท่าบริหารร่างกายที่สามารถทำที่ไหนก็ได้โดยไม่ต้องใช้อุปกรณ์มาก
2004,ไม่อยากไปสนามกีฬาควรออกกำลังกายแบบ
2004,ไม่ชอบไปฟิตเนส แต่ต้องการบริหารร่างกายต้องทำแบบ
2004,ในแต่ละวันต้องออกกำลังแบบที่จะทำให้ร่างแข็งแรง โดยสามารถทำเองที่บ้าน
2004,มาต่างจังหวัดไม่มีฟิตเนสแถวบ้าน มีท่าออกกำลังที่แนะนำ
2004,ท่าออกกำลังกายง่าย ที่ไม่ต้องใช้อุปกรณ์เยอะ
2004,การออกกำลังโดยมีข้อจำกัดด้านสถานที่
2004,มีข้อจำกัดด้านอุปกรณ์ ขอท่าออกกำลังกายที่แนะนำ
2004,ช่วงโควิดแบบนี้ แนะนำการออกกำลังที่บ้านให้หน่อย
2004,วิธีการรักษาการตั้งแผนออกกำลังกายในช่วงเวลาที่ไม่มีเวลาว่าง
2004,วิธีออกกำลังกายง่ายด้วยตัวเอง
2004,ท่าบริหารร่างกายง่ายที่ทำที่ไหนก็ได้
2004,ออกกำลังกายแบบมีข้อจำกัด
2004,อยากได้ท่าที่ทำให้การออกกำลังกายหรือบริหารร่างกายสามารถทำได้ทุกที่
2004,บ้านไม่มีพื้นที่ออกกำลังกาย จะทำ
2004,บ้านแคบอยากออกกำลัง
2004,พื้้นที่น้อยอยากบริหารร่างกาย
2004,เดินทางบ่อยไม่ได้ไปฟิตเนสอยากกายออกกำลังกาย
2004,ต้องการบริหารร่างกายอยู่บ้าน
2004,จะออกกำลังกายไม่มีอุปกรณ์
2005,การออกกำลังกายที่เหมาะสมสำหรับคนที่มีเบาหวาน
2005,วิธีออกกำลังกาย และข้อควรระวัง สำหรับคนเป็นเบาหวาน
2005,การออกกำลังการที่เหมาะกับผู้ที่เป็นโรคเบาหวานบ้าง
2005,ออกกำลังกายเพื่อลดปริมาณน้ำตาลในเลือดสำหรับผู้ป่วยเบาหวาน
2005,ขอคำแนะนำการออกกำลังกายในผู้ป่วยเบาหวาน
2005,เป็นเบาหวานชนิดที่ต้องฉีดอินซูลิน ควรออกกำลังกาย
2005,เป็นเบาหวานอยากออกกำลังกายเพื่อความแข็งแรง ช่วยแนะนำการออกกำลังกายที่คนเป็นเบาหวานสามารถทำได้
2005,ขอท่าบริหารร่างกายของคนที่มีโรคประจำตัวเป็นเบาหวาน
2005,เป็นคนเป็นโรคเบาหวานร่างกายก็ไม่แข็งแรงอยากออกกำลังกายเพิ่ม
2005,ช่วงนี้อยากออกกำลังกาย มีคำแนะนำสำหรับคนป่วยเป็นเบาหวาน
2005,อยากบริหารร่างกายให้แข็งแรง แต่เป็นเบาหวาน
2005,อยากออกกำลังกายจะได้หายป่วยเบาหวาน
2005,อยากให้อาการป่วยเบาหวานดีขึ้น แนะนำการออกกำลังกาย
2005,บอกวิธีออกกำลังกายสำหรับคนเป็นเบาหวาน
2005,รูู้วิธีบริหารร่างกายของผู้ป่วยเบาหวานไหม
2005,คนป่วยเป็นเบาหวานจะบริหารร่างกาย
2005,เป็นเบาหวานออกกำลังกายให้ได้ประสิทธิภาพ
2006,ท่าออกกำลังกายสำหรับการบรรเทาอาการปวดเข่า
2006,ปัจจุบันมีอาการปวดเข่าบ่อยเวลาออกกำลังกาย ช่วยแนะนำท่าที่ไม่ค่อยใช้บริเวณเข่า
2006,มีปัญหาที่หัวเข่า แต่อยากฟิตร่างกาย สามารถทำท่าบริหาร
2006,ปวดเข่า ออกกำลังกายด้วยวิธี
2006,ข้อเข่าเสื่อม ออกกำลังกาย ด้วยวิธี ต้องการลดน้ำหนักตัวด้วย
2006,ช่วงนี้ออกกำลังแล้วปวดเข่า อยากได้ท่าที่ไม่ทำให้ปวดเข่า
2006,แนะนำท่าบริหารที่ไม่ไปกระทบกับบริเวณเข่านัก
2006,ท่าออกกำลังกายในผู้ป่วยข้อเข่าเสื่อม
2006,มีปัญหาเข่า ออกกำลังกายหนักบริเวณเข่าไม่ได้ แต่ต้องการลดน้ำหนัก
2006,น้ำหนักตัวเยอะ วิ่งแล้วปวดเข่า ควรบริหารร่างกาย
2006,รู้สึกปวดเข่าแต่ยังอยากดูแลสุภาพให้แข็งแรงด้วยการออกกำลังกายอยู่ แนะนำวิธี
2006,เข่าไม่ค่อยดี มีปัญหาทุกครั้งที่วิ่ง แนะนำท่าบริหารแบบอื่นที่เหมาะสมหน่อย
2006,ปวดหัวเข่ามาก ๆ เวลาออกกำลังแบบกระโดด ช่วยหาวิธีออกกำลังกายที่ดีและช่วยลดน้ำหนัก
2006,มีปัญหากับการเจ็บเข่าเพรราะออกกำลังไม่เหมาะสม ฉันควรจะออกกำลังกายประเภท
2006,การบริหารเพิ่มกล้ามเนื้อ สำหรับผู้มีปัญหาเรื่องหัวเข่า
2006,เข่าไม่ดีมีอาการปวดง่าย อยากบริหารร่างกาย
2006,ท่าบริหารร่างกายสำหรับผู้มีปัญหาเกี่ยวกับเข่า
2006,ผู้มีอาการเจ็บเข่าสามารถบริหารร่างกาย
2006,ท่าออกกำลังกายสำหรับการบรรเทาอาการปวดคอปวดไหล่
2006,ปวดคอมากต้องทำท่าบริหารที่ทำช่วยบรรเทาอาการปวด
2006,รู้สึกเจ็บไหล่เพราะสะพายกระเป๋าหนักทุกวัน ขอท่าบริหารที่ช่วยในเรื่องนี้หน่อย
2006,เมื่อยไหล่เมื่อยคอมาก อยากขอคำแนะนำในการออกกำลังที่ทำให้บริเวณนี้ดีขึ้นหน่อย
2006,คอบ่าไหล่ตึงมาก ขอท่าบริหารที่ช่วยยืดกล้ามเนื้อคอบ่าไหร่ที
2006,ปวดบ่าจะต้องบริหารหรืออกกำลังกายอย่างไร
2006,รู้สึกเมื่อยไหล่ตลอดเวลา ขอวิธีแก้หน่อย
2006,ปวดไหล่มากเพราะนั่งทำงานหน้าคอมตลอดเวลา จะต้องออกกำลังกายส่วนนี้
2006,ควรทำกิจกรรมชนิดใดที่เหมาะสมสำหรับบริหารคอบ่าไหล
2006,ขอท่ายืดกล้ามเนื้อไหล่เพื่อคลายกล้ามเนื้อลดความเมื่อยล้า
2006,มีท่าบริหารรึท่าออกกำลังกายที่ช่วยแก้อาการปวดต้นคอและบ่า
2006,เป็นออฟฟิศซินโดรมควรออกกำลังกายแบบ
2006,การยืดกล้ามเนื้อและเพิ่มความแข็งแรงในผู้ที่มีอาการปวดคอและบ่า
2006,ปวดคอค่ไม่หายสักทีขอคำแนะนำด้วย
2006,ตึงไหล่ ตึงคอ ปวดสะบัก ขอท่าบริหารเพื่อบรรเทาอาการ
2006,ปวดคอ ปวดหลัง จาก office syndrome ขอท่าออกกำลังเพื่อช่วยบำบัด
2006,คนมีปัญหาปวดบ่า ไหล่ สะบัก จะสามารถออกกำลังกาย
2006,ปวดล้าบริเวณต้นคออยู่เป็นประจำ แนะนำการจัดตารางกายออกกำลังเพื่อช่วยบรรเทาอาการปวด
2006,ท่าออกกำลังกายสำหรับการบรรเทาอาการปวดไหล่
2006,มีท่าออกกำลังกายสำหรับคนที่มีปัญหาหลังเส้นคอ
2006,ท่าออกกำลังกายสำหรับการบรรเทาอาการปวดหลัง
2006,ปวดหลังมาก ต้องการท่าออกกกำลังกาย
2006,ท่าบริหารช่วยอาการปวดหลัง
2006,วิธีแก้ปวดหลังเด็ดๆ
2006,ท่าบริหารสุดปัง แก้ปวดหลัง
2006,การออกกำลังกายเพื่อลดอาการปวดหลัง
2006,ปวดหลังบ่อยอยากได้วิธีแก้ด้วยการบริหารร่างกาย
2006,วิธีการบรรเทาอาการปวดหลังด้วยการออกกำลังกาย
2006,การออกกำลังกายเพื่อช่วยแก้ปัญหาปวดหลัง
2006,วิธีลดอาการปวดบริเวณหลังด้วยการออกกำลังกาย
2006,มีท่าออกกำลังที่เหมาะสมต่อการแก้ไขปัญหาตรงนี้
2006,ท่าบริหารที่ช่วยแก้ปัญหาปวดหลังอย่างมีประสิทธิภาพ
2006,ต้องนั่งทำงานเป็นเวลานานทำให้เกิดอาการปวดหลัง แนะนำวิธีการบรรเทาด้วยการออกกำลัง
2006,การออกกำลังกายที่ทำให้อาการปวดหลังน้อยลง
2006,มีท่ายืดตัวไหนที่ช่วยลดอการปวดที่หลังได้
2006,ช่วงหลังมานี้ปวดหลังมาก วิธีท่าไหนที่น่าสนใจที่ช่วยในเรื่องนี้
2006,อยากได้วิธีที่ทำให้อาการปวดหลังน้อย อาจจะเป็นท่าออกกำลังหรือท่าบริหารร่างกาย
2006,การบริหารร่างอย่างง่ายที่แก้การปวดหลัง
2007,เเนะนำการออกกำลังกายที่เหมาะสมสำหรับผู้ที่เพิ่งเริ่มต้น
2007,ช่วยออกแบบแผนออกกำลังกายให้หน่อย
2007,วิธีการเพิ่มความต้านทานในร่างกายด้วยการออกกำลังกาย
2007,เวลาทำอะไรต่าง รู้สึกเหนื่อยง่ายมาก อยากให้ร่างกายมีความทนทานกว่านี้ต้องออกกำลังกาย
2007,อยากให้ร่างกายอึดกว่านี้ควรทำยัง
2007,แนะนำวิธีเพิ่มความทนทานของกล้ามเนื้อให้หน่อย
2007,แนะนำการที่ทำให้ร่างกายไม่เหนื่อยง่าย
2007,ต้องการให้ร่างกายสามารถทนได้นาน โดยที่ไม่เหนื่อยง่าย
2007,เป็นคนที่ไม่สามารถทำกิจกรรมหนักได้เพราะร่างกายไม่มีความอดทน แนะนำวิธีแก้
2007,อยากออกกำลังกายเพื่อให้ร่างกายแข็งแรง
2007,มือใหม่สำหรับการออกกำลังกาย แนะนำ
2007,อยากออกกำลังกาย
2007,แนะนำท่าบริหารร่างกายที่ทำแล้ว จะช่วยให้ไม่เหนื่อยง่าย
2007,เริ่มออกกำลังควรจะทำ มีท่าออกกำลังที่แนะนำ
2007,อยากให้ช่วยคิดการออกกำลังกายหรือบริหารร่างกายสำหรับคนที่เพิ่งเริ่ม
2007,แนะนำการออกกำลังทั่วไปให้หน่อย สำหรับใช้ในชีวิตประจำวัน
2007,การออกกำลังที่เหมาะสมกับการออกแบบธรรมดา
2012,ท่าออกกำลังกายที่ช่วยให้ความผ่อนคลายหลังการทำงานยาว ๆ 
2012,วิธีการเลือกท่าออกกำลังกายสำหรับการฟื้นฟูหลังการทำงานกายภาพ
2012,ท่าออกกำลังกายที่เหมาะสมสำหรับคนที่ทำงานในสำนักงานนาน ๆ
2012,เมื่อยเนื้อเมื่อยตัวขอท่าที่ช่วยแก้อาการนี้
2012,รูู้สึกล้าจากการการทำงานหนักเป็นเวลานานแนะนำท่าผ่อนคลายกล้ามเนื้อ
2012,ท่าที่ช่วยผ่อนคลายร่างกายซึ่งมีอาการปวดเนื้อปวดตัว
2012,นั่งนาน ๆ รู้สึกปวดเมื่อยล้า ควรทำ
2012,ท่าที่ช่วยให้กล้ามเนื้อได้คลายตัว
2012,มีท่าที่ช่วยคลายเส้น รู้สึกเหนื่อยล้าไปทั้งตัว
2012,รู้สึกร่างกายเหนื่อยล้ากล้ามเนื้อตึงมีท่าบริหารร่างกายที่ช่วยผ่อนคลาย
2012,ท่าที่ยืดหยุ่นร่างกายที่ทำให้รู้สึกสบายตัว
2012,ท่าที่ช่วยคลายกล้ามเนื้อบรรเทาอาการเหนื่อยล้า
2015,วิธีการเพิ่มความยืดหยุ่นของร่างกาย
2015,ขอท่าบริหารร่างกายหลังจากออกกำลังกาย
2015,วอร์มอัพร่างกายก่อนหลังเริ่มออกกำลังกายจริง
2015,ท่าคลายกล้ามเนื้อเพื่อป้องกันการบาดเจ็บ
2015,เพิ่งไปวิ่งมา ควรคลายกล้ามเนื้อด้วยท่า
2015,ท่าที่ช่วยเพิ่มความยืดหยุ่นให้ร่างกายอย่างมีประสิทธิภาพและสามารถทำได้เอง
2015,ท่ายืดเส้นที่จำง่าย มีท่า
2015,ร่างกายไม่ยืดหยุ่น ตัวแข็งมาก มีวิธีทำให้ยืดหยุ่นขึ้น
2015,ขอคำแนะนำเกี่ยวกับท่ายืดเส้นยืดสาย
2015,อยากให้ร่างกายยืดหยุ่นกว่านี้ ขอคำแนะนำ
2015,แนะนำท่ายืดเหยียดกล้ามเนื้อให้ พอดีเริ่มออกกำลังกายแล้วค่อนข้างปวดตัว
2015,การอบอุ่นร่างกาย และยืดกล้ามเนื้อ ทั้งก่อน และหลัง การออกกำลังกาย
2015,แนะนำการยืดเหยียดร่างกายที่ดีและเหมาะสม
2015,อยากให้ร่างกายมีความยืดหยุ่นกว่านี้ 
2015,ท่าบริหารร่างกายที่จะช่วยให้ร่างกายมีความอ่อนตัวมากขึ้น
2015,อยากเป็นคนตัวอ่อนรบกวนช่วยแนะนำ
2015,ท่าบริหารที่ทำให้สูงขึ้น
2016,วิธีการเลือกท่าออกกำลังกายสำหรับผู้สูงอายุเพื่อสุขภาพที่ดี
2016,ช่วยแนะนำวิธีออกกำลัง ลดน้ำหนักของผู้สูงอายุ
2016,คนแก่อายุ อยากมีกล้ามเนื้อ เข้าฟิตเนส เริ่มยังไง
2016,ช่วยแนะนำท่าออกกำลังกายที่เหมาะสำหรับผู้สูงอายุ
2016,อายุเยอะแล้วอยากออกกำลังที่ไม่หนักมาก ควรออก
2016,เป็นคนสูงวัยที่อยากให้ร่างกายแข็งแรง
2016,อายุ เริ่มแก่แล้วอยากออกกำลังเพื่อให้ร่างกายกระฉับกระเฉงช่วยแนะนำหน่อย
2016,เริ่มชราขึ้นทุกวันแต่ยังออกกำลังกายเล็ก ๆ น้อย ๆ ไหว อยากให้ช่วยแนะนำหน่อย
2016,พอแก่ชราร่างกายก็เริ่มอ่อนแอเจ็บป่วยง่ายมีท่าบริหารร่างกายที่ช่วยเพิ่มภูมิคุ้มกันร่างกายไหม
2016,คนแก่ชราวัยสามารถออกกำลังกาย
2016,แก่เฒ่าแล้วเริ่มออกกำลังกายหนัก ๆ ไม่ไหว พอจะการออกกำลังที่เหมาะกับคนแก่
2016,คนแก่คนเฒ่าที่ร่างกายเริ่มไม่แข็งแรงสามารถออกกำลังได้อย่างไร
2016,เป็นที่อายุมากแล้วอยากออกกำลังกายช่วยแนะนำ
2016,เป็นผู้เฒ่าที่เชื่อว่าถ้าเรากำลังกายจะแก่ช้า ช่วยแนะนำท่าบริหาร
2016,อายุไม่น้อยแล้ว ร่างกายก็เริ่มโรยราอยากได้ท่าบริหารร่างกายที่ช่วยให้กระฉับกระเฉง
2016,อยากบริหารร่างกายให้แข็งแรงอยู่เสมอแม้ว่าจะพ้นวัยผู้ใหญ่มาแล้ว ช่วยแนะนำ
2017,วิธีการป้องกันการบาดเจ็บในการออกกำลังกาย
2017,วิธีการป้องกันการบาดเจ็บระหว่างการออกกำลังกาย
2017,แนะนำการเตรียมตัวก่อนออกกำลังกายเพื่อลดโอกาสการเกิดอุบัติเหตุ
2017,อุปกรณ์ช่วยเหลือที่ควรมีเพื่อป้องกันการบาดเจ็บ
2017,ข้อควรรู้ที่จำเป็นต้องทราบเพื่อไม่ให้เกิดการบาดเจ็บระหว่างการออกกำลัง
2017,คำแนะนำเพื่อลดการเกิดอุบัติเหตุระหว่างการออกกำลังกาย
2017,ข้อปฏิบัติที่เหมาะสมเพื่อไม่ให้ร่างกายได้รับการบาดเจ็บ
2017,ของที่ควรมีไว้เพื่อปฐมพยาบาลถ้าต้องไปออกกำลังกายคนเดียว
2017,วิธีปกป้องบริเวณส่วนต่าง ในร่างกายขณะเพื่อไม่ให้เกิดอาการบาดเจ็บ
2017,ถ้าไม่อยากให้เจ็บตัวเพราะการบริหารร่างกาย มีข้อควรปฏิบัติตน
2017,อุปกรณ์ที่ซัพพอร์ตป้องกันการบาดเจ็บ
2017,อุปกรณ์ซัพพอร์ตร่างกายเพื่อลดความรุนแรงหากเกิดอุบัติเหตุ
2017,อุปกรณ์เซฟตี้ที่ควรพวกติดตัวระหว่างการออกกำลังกาย
2017,อุปกรณ์ป้องกันอันตรายที่ช่วยปกป้องตัวเราหากเกิดเหตุไม่คาดคิดอย่าง เช่น จักรยานล้ม
2017,วิธีปฏิบัติหากเกิดเหตุการณ์ไม่คาดฝันระหว่างการออกกำลัง
2017,จะต้องเตรียมตัว ก่อนไปออกกำลังกายหรือบริหารร่างกาย
2017,อยากให้แนะนำวิธีการออกกำลังกายที่ทำให้เสี่ยงบาดเจ็บน้อยที่สุด
001,BMI คืออะไร
001,ค่า BMI มีผลอย่างไร
001,อ้วนมาก หมายถึง
001,ผอมมาก หมายถึง
001,ใช้ BMI ไปเพื่ออะไร
001,แบ่งเกณฑ์ BMI ได้อย่างไรบ้าง
001,BMI ถูกแบ่งเกณฑ์ออกเป็น
001,อ้วน คืออะไร
001,ผอม คืออะไร
001,สมส่วน คืออะไร
001,ท้วม คืออะไร
001,น้ำหนักน้อยเกินไป หมายถึงอะไร
001,น้ำหนักมากเกินไป หมายถึงอะไร
001,น้ำหนักปกติ หมายถึงอะไร
001,BMI มีประโยชน์เช่น
001,BMI มีค่าอะไรบ้าง
001,BMI คำนวณได้อย่างไร
001,BMI คิดได้อย่างไรบ้าง
001,ผู้ชายกับผู้หญิงถึงคิดเกณฑ์ต่างกัน
001,ผู้ชายกับผู้หญิงถึงคำนวณเกณฑ์ต่างกัน
001,เกณฑ์ BMI ของผู้ชาย
001,เกณฑ์ BMI ของผู้หญิง
001,ผลเสียจากไม่สมส่วน
001,ผลเสียจากผอมเกินไป
001,ผลเสียจากผอม
001,ผลเสียจากอ้วน
001,ผลเสียจากอ้วนมาก
001,ผลเสียจากท้วม
001,ผลเสียจากค่า BMI ไม่ปกติ
001,ผลเสียจากค่า BMI น้อยมาก
001,ผลเสียจากค่า BMI น้อยเกินไป
001,ผลเสียจากค่า BMI มาก
001,ผลเสียจากค่า BMI มากเกินไป
001,ความเสี่ยงจากค่า BMI ไม่อยู่ในเกณฑ์มาตรฐาน
001,ความเสี่ยงจากค่า BMI น้อยเกินไป
001,ความเสี่ยงจากค่า BMI มากเกินไป
001,BMI  เสี่ยงเป็น
001,BMI  เสี่ยงเป็น 
001,อยากทราบข้อดีข้อเสียของแต่ละเกณฑ์ BMI
002,คิดค่า BMI
002,คำนวณ BMI
002,น้ำหนัก สูง
002,น้ำหนัก สูง ค่า BMI 
002,ผู้หญิงน้ำหนัก สูง ค่า BMI 
002,ผู้หญิงสูง ต้องหนัก
002,ผู้ชายน้ำหนัก สูง ค่า BMI 
002,ผู้ชายสูง ต้องหนัก
002,น้ำหนัก  ค่า BMI 
002,ผู้หญิงน้ำหนัก  ค่า BMI 
002,ผู้ชายน้ำหนัก  ค่า BMI 
002,ผู้ชายสูง  ค่า BMI 
002,ผู้หญิงสูง  ค่า BMI 
002,สูง  ค่า BMI 
002,BMI นี้ อยู่ในเกณฑ์ไหน
002,ปกติแล้วควรมีน้ำหนัก
002,BMI ที่เหมาะสม
011,การนอนพักผ่อนไม่เพียงพอสามารถเพิ่มความเสี่ยงต่ออ้วนได้หรือไม่
011,การนอนไม่พอเสี่ยงต่ออ้วนได้
011,การนอนไม่พอ
011,พักผ่อนไม่พออ้วน
011,นอนไม่เกิน ชั่วโมง เสี่ยง
011,นอนไม่ถึง ชั่วโมง อ้วน
011,นอนเยอะเกินไป อ้วนขึ้น
011,นอนมากไปอ้วน
011,การนอนพักผ่อนน้อยน้ำหนักขึ้น
011,นอนน้อยมาก น้ำหนักจะเพิ่ม
011,นอนทุกๆ ชั่วโมง เสี่ยงน้ำหนักเกิน
011,น้ำหนักเกินจากการนอน
011,น้ำหนักเกินจากการพักผ่อน
011,อ้วนจากการนอน
011,น้ำหนักน้อย ถ้านอนเยอะๆ น้ำหนักจะเพิ่มขึ้น
011,นอนน้อยๆ อ้วนได้
011,การนอนไม่หลับ อ้วนมีความสัมพันธ์กัน
011,อาการนอนไม่หลับหรือนอนหลับไม่เต็มเวลาสามารถทำให้เกิดความเสี่ยงต่ออ้วนได้
011,สภาวะของการอดนอนหรือนอนไม่หลับสามารถทำให้คนมีความเสี่ยงต่ออ้วนได้หรือไม่
012,อาการเครียดและภาวะซึมเศร้าสามารถทำให้คนอ้วนได้หรือไม่
012,อ้วนเกี่ยวกับซึมเศร้า
012,กินยาโรคซึมเศร้า อ้วน
012,รู้สึกซึม กินเยอะ มีสิทธิ์อ้วน
012,ซึม กินไม่ได้นอนไม่หลับ ส่งผลต่อน้ำหนัก
012,อ้วนกับซึมเศร้า
012,อาการเครียดและภาวะซึมเศร้าสามารถทำให้คนเริ่มมีพฤติกรรมการกินอาหารมากเกินไป
012,ภาวะซึมเศร้าสามารถทำให้คนมีนิสัยการกินเพิ่มขึ้นและเสี่ยงต่ออ้วน
012,การรับประทานยาสำหรับโรคซึมเศร้าอาจมีผลต่อน้ำหนักของผู้ที่รับประทาน
012,ผลกระทบของสภาวะอารมณ์ต่อการควบคุมน้ำหนัก
012,อ้วนสามารถเป็นสาเหตุหรือผลของภาวะซึมเศร้า
012,ภาวะซึมเศร้าสามารถทำให้คนน้ำหนักเพิ่มขึ้นเนื่องจากความไม่เคยมีแรงจูงใจในการออกกำลังกายหรือการดูแลสุขภาพส่วนตัว
012,การมีแรงกดดันในชีวิตและการควบคุมอารมณ์ สามารถเป็นสาเหตุของอ้วนหรือภาวะซึมเศร้า
012,อ้วนมีความความพันธ์กับการเป็นโรคซึมเศร้า
012,คนที่เริ่มเป็นโรคซึมถึงทำให้น้ำหนักมากขึ้นเยอะในเวลาอันสั้น
012,โรคซึมเศร้าทำให้อ้วนได้จริง
012,อาการดีเปรสส่งผลให้น้ำหนักขึ้นเร็วจนทำให้อ้วน
013,การดื่มเครื่องดื่มที่มีน้ำตาลสูงเป็นประจำสามารถเพิ่มความเสี่ยงต่ออ้วน
013,กินของหวานเยอะ น้ำหนักขึ้น
013,กินขนมหวานเป็นประจำทุกวัน
013,บริโภคน้ำตาลเยอะ มีสิทธิ์อ้วน
013,น้ำตาล กรัม จะอ้วน
013,จะอ้วน หากกินเค้กทุกวัน
013,การบริโภคน้ำตาลมาก ๆ สามารถทำให้ระดับน้ำตาลในเลือดเพิ่มขึ้นและเสี่ยงต่ออ้วน
013,การรับประทานเครื่องดื่มที่มีน้ำตาลสูงอย่างต่อเนื่องสามารถส่งผลต่อการลดน้ำหนักหรือไม่
013,การลดการบริโภคน้ำตาลในชีวิตประจำวันสามารถช่วยป้องกันอ้วนและเรื้อรังอื่นๆ ได้อย่างไร
013,การควบคุมปริมาณน้ำตาลในอาหารเป็นสิ่งสำคัญในการรักษาสุขภาพ
013,น้ำตาลในผลไม้ น้ำหวานมีผลต่อน้ำหนักในร่างกาย
013,กินแป้งเยอะ อ้วน
013,สารอาหารอื่น ๆ ที่มีน้ำตาลสูงสามารถมีผลต่อน้ำหนักของร่างกาย
013,การลดการกินอาหารประเภทแป้งในชีวิตประจำวันสามารถช่วยป้องกันอ้วน
013,กินทั้งแป้งและน้ำตาลอยู่เป็นประจำ ไม่ค่อยกินผัก น้ำหนักจะขึ้น
013,สภาวะแทรกซ้อนของอ้วนสามารถเกิดขึ้นได้หากไม่ได้รับการรักษาหรือแก้ไขให้ถูกวิธี
013,กินอาหารเยอะ แต่ออกกำลังกายเป็นประจำ อ้วนได้
014,ทางพันธุกรรมสามารถมีผลต่อความเสี่ยงของอ้วนได้หรือ
014,คนในครอบครัวเป็นเบาหวาน เสี่ยงต่อโรคอ้วน
014,อ้วนเกิดจากพันธุกรรมได้
014,ถ้าพฤติกรรมการบริโภคเหมือนกับคนในครอบครัวมีโอกาสน้ำหนักขึ้น
014,อ้วนมีความเกี่ยวข้องกับพันธุกรรมของบุคคล
014,ควรตรวจสอบประวัติครอบครัวเพื่อความรับรู้เกี่ยวกับพันธุกรรมที่เกี่ยวข้องกับโรคอ้วน
014,พันธุกรรมสามารถช่วยในการพัฒนาแนวทางให้เหมาะสมแก่ผู้ที่อ้วนหรือ
014,พันธุกรรมมีบทบาทในการเสี่ยงต่อการเป็นโรคอ้วนตลอดชีวิตหรือไม่
014,พันธุกรรมมีบทบาทในความหลากหลายของระดับน้ำหนักของบุคคล
014,พันธุกรรมมีบทบาทในการกำหนดปัจจัยที่มีผลต่อการลดน้ำหนักหรือ
014,พ่อแม่เป็นคนอ้วนลูกมีสิทธิ์อ้วน
014,แม่อ้วนก่อนจะตั้งครรภ์จะทำให้ลูกด้วย
014,พ่อเป็นคนที่น้ำหนักขึ้นง่ายแต่ออกกำลังบ่อยเลยไม่อ้วน ลูกจะอ้วนกว่าคนอื่น
014,ปู่ย่าตายายอ้วนมากตอนเริ่มแก่ แต่พ่อแม่ไม่อ้วน ฉันมีสิทธิ์อ้วนตอนแก่
014,ญาติอ้วนแต่ที่บ้านไม่อ้วนยกเว้นฉัน มันเกี่ยวกับพันธุกรรม
014,วิธีสังเกตว่าอ้วนเพราะพันธุกรรม
014,แบบไหนถึงเรียกว่าพันธุกรรมทำให้อ้วน
015,กินเร็วไปลงพุงได้
015,เคี้ยวอาหารน้อย อ้วนลงพุงได้
015,อ้วนจากการเคี้ยวอาหารไม่ละเอียด
015,เคี้ยวอาหารไม่พอ เสี่ยงอ้วน
015,การรับประทานอาหารโดยเร่งรีบอาจส่งผลให้เกิดน้ำหนักเกิน
015,การกินเร็วๆ อาจทำให้เสี่ยงต่อโรคอ้วน
015,อาจมีโอกาสเกิดน้ำหนักเกินเนื่องจากการกินเร็ว
015,เคี้ยวอาหารไม่ละเอียดอาจมีผลต่อน้ำหนักร่างกาย
015,การกินอาหารได้เร็ว ๆ อาจทำให้เพิ่มน้ำหนักได้
015,การกินเร็วมากๆ อาจเป็นปัจจัยที่ทำให้น้ำหนักเพิ่มขึ้น
015,เมื่อกินเร็ว อาจเสี่ยงต่อปัญหาน้ำหนักเกิน
015,การรับประทานอาหารอย่างรีบร้อนอาจเป็นสาเหตุของปัญหาน้ำหนักเกิน
015,รับประทานอาหารอย่างรวดเร็วอาจส่งผลให้เกิดน้ำหนักเกิน
015,เคี้ยวอาหารไม่พออาจเสี่ยงต่อปัญหาน้ำหนักเกิน
015,เพราะว่ามีเวลากินข้าวน้อยเลยต้องรีบกินมาก จะเป็นสาเหตุที่ทำให้อ้วน
015,ช่วงนี้ต้องรีบกินรีบกลืน สังเกตุว่าพักหลังน้ำหนักเพิ่ม มันเกี่ยวกัน
015,พักหลังเริ่มเคี้ยวข้าวไม่ละเอียด จะทำให้อ้วนจริง
015,ความอ้วนจึงมีความสัมพันธ์กับการรับประทานอาหารเร็ว
016,ติดโควิดมีสิทธิ์อ้วนขึ้น
016,เคยติดโควิดมาก่อน จะทำให้อ้วนในระยะยาว
016,ผู้ที่เคยติดโควิดอาจเสี่ยงต่อการอ้วนในอนาคต
016,การติดเชื้อโควิดอาจเสี่ยงทำให้เกิดน้ำหนักเกิน
016,ผู้ที่มีประวัติติดโควิดอาจมีความเสี่ยงสูงในเรื่องน้ำหนัก
016,ผู้ที่มีประวัติติดโควิดอาจเผชิญกับปัญหาอ้วน
016,โรคโควิดอาจส่งผลให้น้ำหนักเพิ่มขึ้น
016,การติดโควิดอาจเสี่ยงให้เกิดปัญหาน้ำหนักมากขึ้น
016,การติดโควิดเสี่ยงต่อการอ้วน
016,ผู้ที่เคยเป็นโควิดอาจพบว่าน้ำหนักเพิ่มขึ้น
016,ผู้ที่เคยเป็นโควิดมีโอกาสมีน้ำหนักเพิ่มขึ้นในระยะยาว
016,ผู้ที่มีประวัติติดโควิดอาจเสี่ยงต่อการเพิ่มน้ำหนัก
016,ผู้ที่มีประวัติติดโควิดอาจมีความเสี่ยงสูงในการอ้วนขึ้น
017,ผอมอยู่แล้ว แต่จะอ้วน
017,กินน้อยแล้วอ้วนได้จริงหรือ
017,ไม่ค่อยกินอาหาร มีความเสี่ยงอ้วน
017,กินน้อยแต่ไม่ออกกำลังกาย อ้วน
017,บริโภคอาหารไม่ถึงเกณฑ์โภชนาการ อ้วน
017,รับประทานอาหารแบบเลือกกิน อ้วนได้
017,เบื่ออาหาร บริโภคได้ไม่เยอะ จะส่งผลทำให้อ้วน
017,ไม่ใช่คนที่ทานอาหารเยอะ จะอ้วนได้
017,ปกติแล้วทานอาหารที่ค่อนข้างมีปริมาณน้อย แต่ไม่ได้ใช้แรงมากมีสิทธิ์อ้วน
017,ทานอาหารน้อยกว่าที่ควร จะมีสิทธิ์อ้วน
017,การกินอาหารที่น้อยจนเกินไป ส่งผลต่อพฤติกรรมที่จะส่งผลต่ออ้วน
017,ความสามารถในการกินน้อยลง ทำให้อ้วนในอนาคต
017,การกินอาหารไม่สม่ำเสมอ อ้วนจริงหรือ
017,ความสัมพันธ์ระหว่างการกินอาหารน้อยกับอ้วน
017,เสี่ยงอ้วนอยู่แล้วยิ่งบริโภคน้อย จะทำให้อ้วนกว่า
017,ปกติบริโภคอาหารน้อยเป็นประจำ จะทำให้อ้วน
018,ท้องอยู่ กำลังจะมีลูก หลังมีลูกมีโอกาส
018,การตั้งครรภ์จะทำให้มีโอกาสเกิดโรคอ้วน
018,พฤติกรรมระหว่างตั้งครรภ์ที่ส่งผลให้หลังคลอดเป็นโรคอ้วน
018,ระหว่างอุ้มท้องควรทำ เพื่อไม่ให้หลังคลอด
018,คลอดลูกแล้วอ้วนมาก น้ำหนักจะลดลงภายหลัง
018,ลดน้ำหนักหลังจากการคลอดลูก ช่วยลดความเสี่ยง
018,ตอนนี้กำลังอุ้มท้องลูกอยู่ แต่แพ้ท้องชอบกินขนมจะภายหลัง
018,ข้อควรปฏิบัติเพื่อไม่ให้เกิดโรคอ้วนหลังคลอดลูก
018,การที่เราท้องลูกทำให้ง่ายจริง
018,คนอ้วนตั้งครรภ์มีความเสี่ยง
018,ผู้ที่ตั้งครรภ์และบริโภคอาหารบำรุงลูกในท้องเยอะ ๆ จะทำให้
018,ท้องแล้วมาก คลอดแล้วจะผอม
018,ผู้ที่กำลังตั้งครรภ์จะสามารถดูแลตนเองเพื่อไม่ให้เกิดโรคอ้วน
018,คุณแม่ที่กำลังตั้งท้องมีความกังกลเกี่ยวกับ
018,ปกติที่อ้วนหลังจากคลอดลูกมาหลายเดือนแล้ว
018,ท้องแล้วหน้าท้องเล็ก อยากรู้ว่ายังเสี่ยงหลังคลอด
018,ท้องแล้ว จะอ้วนทันทีเลย
002,คิดค่า BMI
002,คำนวณ BMI
002,น้ำหนัก สูง
002,น้ำหนัก สูง ค่า BMI 
002,ผู้หญิงน้ำหนัก สูง ค่า BMI 
002,ผู้หญิงสูง ต้องหนัก
002,ผู้ชายน้ำหนัก สูง ค่า BMI 
002,ผู้ชายสูง ต้องหนัก
002,น้ำหนัก  ค่า BMI 
002,ผู้หญิงน้ำหนัก  ค่า BMI 
002,ผู้ชายน้ำหนัก  ค่า BMI 
002,ผู้ชายสูง  ค่า BMI 
002,ผู้หญิงสูง  ค่า BMI 
002,สูง  ค่า BMI 
002,BMI นี้ อยู่ในเกณฑ์ไหน
002,ปกติแล้วควรมีน้ำหนัก
002,BMI ที่เหมาะสม
011,การนอนพักผ่อนไม่เพียงพอสามารถเพิ่มความเสี่ยงต่ออ้วนได้หรือไม่
011,การนอนไม่พอเสี่ยงต่ออ้วนได้
011,การนอนไม่พอ
011,พักผ่อนไม่พออ้วน
011,นอนไม่เกิน ชั่วโมง เสี่ยง
011,นอนไม่ถึง ชั่วโมง อ้วน
011,นอนเยอะเกินไป อ้วนขึ้น
011,นอนมากไปอ้วน
011,การนอนพักผ่อนน้อยน้ำหนักขึ้น
011,นอนน้อยมาก น้ำหนักจะเพิ่ม
011,นอนทุกๆ ชั่วโมง เสี่ยงน้ำหนักเกิน
011,น้ำหนักเกินจากการนอน
011,น้ำหนักเกินจากการพักผ่อน
011,อ้วนจากการนอน
011,น้ำหนักน้อย ถ้านอนเยอะๆ น้ำหนักจะเพิ่มขึ้น
011,นอนน้อยๆ อ้วนได้
011,การนอนไม่หลับ อ้วนมีความสัมพันธ์กัน
011,อาการนอนไม่หลับหรือนอนหลับไม่เต็มเวลาสามารถทำให้เกิดความเสี่ยงต่ออ้วนได้
011,สภาวะของการอดนอนหรือนอนไม่หลับสามารถทำให้คนมีความเสี่ยงต่ออ้วนได้หรือไม่
012,อาการเครียดและภาวะซึมเศร้าสามารถทำให้คนอ้วนได้หรือไม่
012,อ้วนเกี่ยวกับซึมเศร้า
012,กินยาโรคซึมเศร้า อ้วน
012,รู้สึกซึม กินเยอะ มีสิทธิ์อ้วน
012,ซึม กินไม่ได้นอนไม่หลับ ส่งผลต่อน้ำหนัก
012,อ้วนกับซึมเศร้า
012,อาการเครียดและภาวะซึมเศร้าสามารถทำให้คนเริ่มมีพฤติกรรมการกินอาหารมากเกินไป
012,ภาวะซึมเศร้าสามารถทำให้คนมีนิสัยการกินเพิ่มขึ้นและเสี่ยงต่ออ้วน
012,การรับประทานยาสำหรับโรคซึมเศร้าอาจมีผลต่อน้ำหนักของผู้ที่รับประทาน
012,ผลกระทบของสภาวะอารมณ์ต่อการควบคุมน้ำหนัก
012,อ้วนสามารถเป็นสาเหตุหรือผลของภาวะซึมเศร้า
012,ภาวะซึมเศร้าสามารถทำให้คนน้ำหนักเพิ่มขึ้นเนื่องจากความไม่เคยมีแรงจูงใจในการออกกำลังกายหรือการดูแลสุขภาพส่วนตัว
012,การมีแรงกดดันในชีวิตและการควบคุมอารมณ์ สามารถเป็นสาเหตุของอ้วนหรือภาวะซึมเศร้า
012,อ้วนมีความความพันธ์กับการเป็นโรคซึมเศร้า
012,คนที่เริ่มเป็นโรคซึมถึงทำให้น้ำหนักมากขึ้นเยอะในเวลาอันสั้น
012,โรคซึมเศร้าทำให้อ้วนได้จริง
012,อาการดีเปรสส่งผลให้น้ำหนักขึ้นเร็วจนทำให้อ้วน
013,การดื่มเครื่องดื่มที่มีน้ำตาลสูงเป็นประจำสามารถเพิ่มความเสี่ยงต่ออ้วน
013,กินของหวานเยอะ น้ำหนักขึ้น
013,กินขนมหวานเป็นประจำทุกวัน
013,บริโภคน้ำตาลเยอะ มีสิทธิ์อ้วน
013,น้ำตาล กรัม จะอ้วน
013,จะอ้วน หากกินเค้กทุกวัน
013,การบริโภคน้ำตาลมาก ๆ สามารถทำให้ระดับน้ำตาลในเลือดเพิ่มขึ้นและเสี่ยงต่ออ้วน
013,การรับประทานเครื่องดื่มที่มีน้ำตาลสูงอย่างต่อเนื่องสามารถส่งผลต่อการลดน้ำหนักหรือไม่
013,การลดการบริโภคน้ำตาลในชีวิตประจำวันสามารถช่วยป้องกันอ้วนและเรื้อรังอื่นๆ ได้อย่างไร
013,การควบคุมปริมาณน้ำตาลในอาหารเป็นสิ่งสำคัญในการรักษาสุขภาพ
013,น้ำตาลในผลไม้ น้ำหวานมีผลต่อน้ำหนักในร่างกาย
013,กินแป้งเยอะ อ้วน
013,สารอาหารอื่น ๆ ที่มีน้ำตาลสูงสามารถมีผลต่อน้ำหนักของร่างกาย
013,การลดการกินอาหารประเภทแป้งในชีวิตประจำวันสามารถช่วยป้องกันอ้วน
013,กินทั้งแป้งและน้ำตาลอยู่เป็นประจำ ไม่ค่อยกินผัก น้ำหนักจะขึ้น
013,สภาวะแทรกซ้อนของอ้วนสามารถเกิดขึ้นได้หากไม่ได้รับการรักษาหรือแก้ไขให้ถูกวิธี
013,กินอาหารเยอะ แต่ออกกำลังกายเป็นประจำ อ้วนได้
014,ทางพันธุกรรมสามารถมีผลต่อความเสี่ยงของอ้วนได้หรือ
014,คนในครอบครัวเป็นเบาหวาน เสี่ยงต่อโรคอ้วน
014,อ้วนเกิดจากพันธุกรรมได้
014,ถ้าพฤติกรรมการบริโภคเหมือนกับคนในครอบครัวมีโอกาสน้ำหนักขึ้น
014,อ้วนมีความเกี่ยวข้องกับพันธุกรรมของบุคคล
014,ควรตรวจสอบประวัติครอบครัวเพื่อความรับรู้เกี่ยวกับพันธุกรรมที่เกี่ยวข้องกับโรคอ้วน
014,พันธุกรรมสามารถช่วยในการพัฒนาแนวทางให้เหมาะสมแก่ผู้ที่อ้วนหรือ
014,พันธุกรรมมีบทบาทในการเสี่ยงต่อการเป็นโรคอ้วนตลอดชีวิตหรือไม่
014,พันธุกรรมมีบทบาทในความหลากหลายของระดับน้ำหนักของบุคคล
014,พันธุกรรมมีบทบาทในการกำหนดปัจจัยที่มีผลต่อการลดน้ำหนักหรือ
014,พ่อแม่เป็นคนอ้วนลูกมีสิทธิ์อ้วน
014,แม่อ้วนก่อนจะตั้งครรภ์จะทำให้ลูกด้วย
014,พ่อเป็นคนที่น้ำหนักขึ้นง่ายแต่ออกกำลังบ่อยเลยไม่อ้วน ลูกจะอ้วนกว่าคนอื่น
014,ปู่ย่าตายายอ้วนมากตอนเริ่มแก่ แต่พ่อแม่ไม่อ้วน ฉันมีสิทธิ์อ้วนตอนแก่
014,ญาติอ้วนแต่ที่บ้านไม่อ้วนยกเว้นฉัน มันเกี่ยวกับพันธุกรรม
014,วิธีสังเกตว่าอ้วนเพราะพันธุกรรม
014,แบบไหนถึงเรียกว่าพันธุกรรมทำให้อ้วน
015,กินเร็วไปลงพุงได้
015,เคี้ยวอาหารน้อย อ้วนลงพุงได้
015,อ้วนจากการเคี้ยวอาหารไม่ละเอียด
015,เคี้ยวอาหารไม่พอ เสี่ยงอ้วน
015,การรับประทานอาหารโดยเร่งรีบอาจส่งผลให้เกิดน้ำหนักเกิน
015,การกินเร็วๆ อาจทำให้เสี่ยงต่อโรคอ้วน
015,อาจมีโอกาสเกิดน้ำหนักเกินเนื่องจากการกินเร็ว
015,เคี้ยวอาหารไม่ละเอียดอาจมีผลต่อน้ำหนักร่างกาย
015,การกินอาหารได้เร็ว ๆ อาจทำให้เพิ่มน้ำหนักได้
015,การกินเร็วมากๆ อาจเป็นปัจจัยที่ทำให้น้ำหนักเพิ่มขึ้น
015,เมื่อกินเร็ว อาจเสี่ยงต่อปัญหาน้ำหนักเกิน
015,การรับประทานอาหารอย่างรีบร้อนอาจเป็นสาเหตุของปัญหาน้ำหนักเกิน
015,รับประทานอาหารอย่างรวดเร็วอาจส่งผลให้เกิดน้ำหนักเกิน
015,เคี้ยวอาหารไม่พออาจเสี่ยงต่อปัญหาน้ำหนักเกิน
015,เพราะว่ามีเวลากินข้าวน้อยเลยต้องรีบกินมาก จะเป็นสาเหตุที่ทำให้อ้วน
015,ช่วงนี้ต้องรีบกินรีบกลืน สังเกตุว่าพักหลังน้ำหนักเพิ่ม มันเกี่ยวกัน
015,พักหลังเริ่มเคี้ยวข้าวไม่ละเอียด จะทำให้อ้วนจริง
015,ความอ้วนจึงมีความสัมพันธ์กับการรับประทานอาหารเร็ว
016,ติดโควิดมีสิทธิ์อ้วนขึ้น
016,เคยติดโควิดมาก่อน จะทำให้อ้วนในระยะยาว
016,ผู้ที่เคยติดโควิดอาจเสี่ยงต่อการอ้วนในอนาคต
016,การติดเชื้อโควิดอาจเสี่ยงทำให้เกิดน้ำหนักเกิน
016,ผู้ที่มีประวัติติดโควิดอาจมีความเสี่ยงสูงในเรื่องน้ำหนัก
016,ผู้ที่มีประวัติติดโควิดอาจเผชิญกับปัญหาอ้วน
016,โรคโควิดอาจส่งผลให้น้ำหนักเพิ่มขึ้น
016,การติดโควิดอาจเสี่ยงให้เกิดปัญหาน้ำหนักมากขึ้น
016,การติดโควิดเสี่ยงต่อการอ้วน
016,ผู้ที่เคยเป็นโควิดอาจพบว่าน้ำหนักเพิ่มขึ้น
016,ผู้ที่เคยเป็นโควิดมีโอกาสมีน้ำหนักเพิ่มขึ้นในระยะยาว
016,ผู้ที่มีประวัติติดโควิดอาจเสี่ยงต่อการเพิ่มน้ำหนัก
016,ผู้ที่มีประวัติติดโควิดอาจมีความเสี่ยงสูงในการอ้วนขึ้น
017,ผอมอยู่แล้ว แต่จะอ้วน
017,กินน้อยแล้วอ้วนได้จริงหรือ
017,ไม่ค่อยกินอาหาร มีความเสี่ยงอ้วน
017,กินน้อยแต่ไม่ออกกำลังกาย อ้วน
017,บริโภคอาหารไม่ถึงเกณฑ์โภชนาการ อ้วน
017,รับประทานอาหารแบบเลือกกิน อ้วนได้
017,เบื่ออาหาร บริโภคได้ไม่เยอะ จะส่งผลทำให้อ้วน
017,ไม่ใช่คนที่ทานอาหารเยอะ จะอ้วนได้
017,ปกติแล้วทานอาหารที่ค่อนข้างมีปริมาณน้อย แต่ไม่ได้ใช้แรงมากมีสิทธิ์อ้วน
017,ทานอาหารน้อยกว่าที่ควร จะมีสิทธิ์อ้วน
017,การกินอาหารที่น้อยจนเกินไป ส่งผลต่อพฤติกรรมที่จะส่งผลต่ออ้วน
017,ความสามารถในการกินน้อยลง ทำให้อ้วนในอนาคต
017,การกินอาหารไม่สม่ำเสมอ อ้วนจริงหรือ
017,ความสัมพันธ์ระหว่างการกินอาหารน้อยกับอ้วน
017,เสี่ยงอ้วนอยู่แล้วยิ่งบริโภคน้อย จะทำให้อ้วนกว่า
017,ปกติบริโภคอาหารน้อยเป็นประจำ จะทำให้อ้วน
018,ท้องอยู่ กำลังจะมีลูก หลังมีลูกมีโอกาส
018,การตั้งครรภ์จะทำให้มีโอกาสเกิดโรคอ้วน
018,พฤติกรรมระหว่างตั้งครรภ์ที่ส่งผลให้หลังคลอดเป็นโรคอ้วน
018,ระหว่างอุ้มท้องควรทำ เพื่อไม่ให้หลังคลอด
018,คลอดลูกแล้วอ้วนมาก น้ำหนักจะลดลงภายหลัง
018,ลดน้ำหนักหลังจากการคลอดลูก ช่วยลดความเสี่ยง
018,ตอนนี้กำลังอุ้มท้องลูกอยู่ แต่แพ้ท้องชอบกินขนมจะภายหลัง
018,ข้อควรปฏิบัติเพื่อไม่ให้เกิดโรคอ้วนหลังคลอดลูก
018,การที่เราท้องลูกทำให้ง่ายจริง
018,คนอ้วนตั้งครรภ์มีความเสี่ยง
018,ผู้ที่ตั้งครรภ์และบริโภคอาหารบำรุงลูกในท้องเยอะ ๆ จะทำให้
018,ท้องแล้วมาก คลอดแล้วจะผอม
018,ผู้ที่กำลังตั้งครรภ์จะสามารถดูแลตนเองเพื่อไม่ให้เกิดโรคอ้วน
018,คุณแม่ที่กำลังตั้งท้องมีความกังกลเกี่ยวกับ
018,ปกติที่อ้วนหลังจากคลอดลูกมาหลายเดือนแล้ว
018,ท้องแล้วหน้าท้องเล็ก อยากรู้ว่ายังเสี่ยงหลังคลอด
018,ท้องแล้ว จะอ้วนทันทีเลย